recall,person_precision,people_precision,cyclist_precision
0.0,1.0,1.0,1.0
0.001001001001001001,1.0,1.0,1.0
0.002002002002002002,1.0,1.0,1.0
0.003003003003003003,1.0,1.0,1.0
0.004004004004004004,1.0,1.0,1.0
0.005005005005005005,1.0,1.0,1.0
0.006006006006006006,1.0,1.0,1.0
0.007007007007007007,1.0,1.0,1.0
0.008008008008008008,1.0,1.0,1.0
0.009009009009009009,1.0,1.0,1.0
0.01001001001001001,1.0,1.0,1.0
0.011011011011011011,1.0,0.9892933618843683,1.0
0.012012012012012012,1.0,0.9892933618843683,1.0
0.013013013013013013,1.0,0.9892933618843683,1.0
0.014014014014014014,1.0,0.9892933618843683,1.0
0.015015015015015015,1.0,0.9892933618843683,1.0
0.016016016016016016,1.0,0.9892933618843683,1.0
0.017017017017017015,1.0,0.9892933618843683,1.0
0.018018018018018018,1.0,0.9892933618843683,1.0
0.01901901901901902,1.0,0.9892933618843683,1.0
0.02002002002002002,1.0,0.9892933618843683,1.0
0.02102102102102102,1.0,0.9892933618843683,1.0
0.022022022022022022,1.0,0.9892933618843683,1.0
0.023023023023023025,1.0,0.9892933618843683,1.0
0.024024024024024024,1.0,0.9892933618843683,1.0
0.025025025025025023,1.0,0.9892933618843683,1.0
0.026026026026026026,1.0,0.9892933618843683,1.0
0.02702702702702703,1.0,0.9892933618843683,1.0
0.028028028028028028,1.0,0.9892933618843683,1.0
0.029029029029029027,1.0,0.9892933618843683,1.0
0.03003003003003003,1.0,0.9892933618843683,1.0
0.031031031031031032,1.0,0.9892933618843683,1.0
0.03203203203203203,1.0,0.9892933618843683,1.0
0.03303303303303303,1.0,0.9892933618843683,1.0
0.03403403403403403,1.0,0.9892933618843683,1.0
0.035035035035035036,1.0,0.9892933618843683,1.0
0.036036036036036036,1.0,0.9892933618843683,1.0
0.037037037037037035,1.0,0.9892933618843683,1.0
0.03803803803803804,1.0,0.9892933618843683,1.0
0.03903903903903904,1.0,0.9892933618843683,1.0
0.04004004004004004,1.0,0.9892933618843683,1.0
0.04104104104104104,1.0,0.9892933618843683,1.0
0.04204204204204204,1.0,0.9892933618843683,1.0
0.043043043043043044,1.0,0.9892933618843683,1.0
0.044044044044044044,1.0,0.9892933618843683,1.0
0.04504504504504504,1.0,0.9892933618843683,1.0
0.04604604604604605,1.0,0.9892933618843683,1.0
0.04704704704704705,1.0,0.9892933618843683,1.0
0.04804804804804805,1.0,0.9892933618843683,1.0
0.04904904904904905,1.0,0.9892933618843683,1.0
0.050050050050050046,1.0,0.9892933618843683,1.0
0.05105105105105105,1.0,0.9892933618843683,1.0
0.05205205205205205,1.0,0.9892933618843683,1.0
0.05305305305305305,1.0,0.9892933618843683,1.0
0.05405405405405406,1.0,0.9892933618843683,1.0
0.055055055055055056,1.0,0.9892933618843683,1.0
0.056056056056056056,1.0,0.9892933618843683,1.0
0.057057057057057055,1.0,0.9892933618843683,1.0
0.058058058058058054,1.0,0.9892933618843683,1.0
0.05905905905905906,1.0,0.9892933618843683,1.0
0.06006006006006006,1.0,0.9892933618843683,1.0
0.06106106106106106,1.0,0.9892933618843683,1.0
0.062062062062062065,1.0,0.9892933618843683,1.0
0.06306306306306306,1.0,0.9892933618843683,1.0
0.06406406406406406,1.0,0.9892933618843683,1.0
0.06506506506506507,1.0,0.9892933618843683,1.0
0.06606606606606606,1.0,0.9892933618843683,1.0
0.06706706706706707,1.0,0.9892933618843683,1.0
0.06806806806806806,1.0,0.9892933618843683,1.0
0.06906906906906907,1.0,0.9892933618843683,1.0
0.07007007007007007,1.0,0.9892933618843683,1.0
0.07107107107107107,1.0,0.9892933618843683,1.0
0.07207207207207207,1.0,0.9892933618843683,1.0
0.07307307307307308,1.0,0.9892933618843683,1.0
0.07407407407407407,1.0,0.9892933618843683,1.0
0.07507507507507508,1.0,0.9892933618843683,1.0
0.07607607607607608,1.0,0.9892933618843683,1.0
0.07707707707707707,1.0,0.9892933618843683,1.0
0.07807807807807808,1.0,0.9892933618843683,1.0
0.07907907907907907,1.0,0.9892933618843683,1.0
0.08008008008008008,1.0,0.9892933618843683,1.0
0.08108108108108109,1.0,0.9892933618843683,1.0
0.08208208208208208,1.0,0.9892933618843683,1.0
0.08308308308308308,1.0,0.9892933618843683,1.0
0.08408408408408408,1.0,0.9892933618843683,1.0
0.08508508508508508,1.0,0.9892933618843683,1.0
0.08608608608608609,1.0,0.9892933618843683,1.0
0.08708708708708708,1.0,0.9892933618843683,1.0
0.08808808808808809,1.0,0.9892933618843683,1.0
0.0890890890890891,1.0,0.9892933618843683,1.0
0.09009009009009009,1.0,0.9892933618843683,1.0
0.09109109109109109,1.0,0.9892933618843683,1.0
0.0920920920920921,1.0,0.9892933618843683,1.0
0.09309309309309309,1.0,0.9892933618843683,1.0
0.0940940940940941,1.0,0.9892933618843683,1.0
0.09509509509509509,1.0,0.9892933618843683,1.0
0.0960960960960961,1.0,0.9892933618843683,1.0
0.0970970970970971,1.0,0.9892933618843683,1.0
0.0980980980980981,1.0,0.9892933618843683,1.0
0.0990990990990991,1.0,0.9892933618843683,1.0
0.10010010010010009,1.0,0.9892933618843683,1.0
0.1011011011011011,1.0,0.9892933618843683,1.0
0.1021021021021021,1.0,0.9892933618843683,1.0
0.1031031031031031,1.0,0.9892933618843683,1.0
0.1041041041041041,1.0,0.9892933618843683,1.0
0.10510510510510511,1.0,0.9892933618843683,1.0
0.1061061061061061,1.0,0.9892933618843683,1.0
0.10710710710710711,1.0,0.9892933618843683,1.0
0.10810810810810811,1.0,0.9892933618843683,1.0
0.1091091091091091,1.0,0.9892933618843683,1.0
0.11011011011011011,1.0,0.9892933618843683,1.0
0.1111111111111111,1.0,0.9892933618843683,1.0
0.11211211211211211,1.0,0.9892933618843683,1.0
0.11311311311311312,1.0,0.9892933618843683,1.0
0.11411411411411411,1.0,0.9892933618843683,1.0
0.11511511511511512,1.0,0.9892933618843683,1.0
0.11611611611611611,1.0,0.9892933618843683,1.0
0.11711711711711711,1.0,0.9892933618843683,1.0
0.11811811811811812,1.0,0.9892933618843683,1.0
0.11911911911911911,1.0,0.9892933618843683,1.0
0.12012012012012012,1.0,0.9892933618843683,1.0
0.12112112112112113,0.999384236453202,0.9892933618843683,1.0
0.12212212212212212,0.999384236453202,0.9892933618843683,1.0
0.12312312312312312,0.999384236453202,0.9892933618843683,1.0
0.12412412412412413,0.999384236453202,0.9892933618843683,1.0
0.12512512512512514,0.999384236453202,0.9892933618843683,1.0
0.12612612612612611,0.999384236453202,0.9892933618843683,1.0
0.12712712712712712,0.999384236453202,0.9892933618843683,1.0
0.12812812812812813,0.999384236453202,0.9892933618843683,1.0
0.12912912912912913,0.999384236453202,0.9892933618843683,1.0
0.13013013013013014,0.999384236453202,0.9892933618843683,1.0
0.13113113113113112,0.999384236453202,0.9892933618843683,1.0
0.13213213213213212,0.999384236453202,0.9892933618843683,1.0
0.13313313313313313,0.999384236453202,0.9892933618843683,1.0
0.13413413413413414,0.999384236453202,0.9892933618843683,1.0
0.13513513513513514,0.999384236453202,0.9892933618843683,1.0
0.13613613613613612,0.999384236453202,0.9892933618843683,1.0
0.13713713713713713,0.999384236453202,0.9892933618843683,1.0
0.13813813813813813,0.999384236453202,0.9892933618843683,1.0
0.13913913913913914,0.999384236453202,0.9892933618843683,1.0
0.14014014014014015,0.999384236453202,0.9892933618843683,1.0
0.14114114114114115,0.999384236453202,0.9892933618843683,1.0
0.14214214214214213,0.999384236453202,0.9892933618843683,1.0
0.14314314314314314,0.999384236453202,0.9892933618843683,1.0
0.14414414414414414,0.999384236453202,0.9892933618843683,1.0
0.14514514514514515,0.999384236453202,0.9892933618843683,1.0
0.14614614614614616,0.999384236453202,0.9892933618843683,1.0
0.14714714714714713,0.999384236453202,0.9892933618843683,1.0
0.14814814814814814,0.999384236453202,0.9892933618843683,1.0
0.14914914914914915,0.999384236453202,0.9892933618843683,1.0
0.15015015015015015,0.999384236453202,0.9892933618843683,1.0
0.15115115115115116,0.999384236453202,0.9892933618843683,1.0
0.15215215215215216,0.999384236453202,0.9892933618843683,1.0
0.15315315315315314,0.9988038277511961,0.9892933618843683,1.0
0.15415415415415415,0.9988038277511961,0.9892933618843683,1.0
0.15515515515515516,0.9988038277511961,0.9892933618843683,1.0
0.15615615615615616,0.9988038277511961,0.9892933618843683,1.0
0.15715715715715717,0.9984235417761429,0.9892933618843683,1.0
0.15815815815815815,0.9984235417761429,0.9892933618843683,1.0
0.15915915915915915,0.9984235417761429,0.9892933618843683,1.0
0.16016016016016016,0.9984235417761429,0.9892933618843683,1.0
0.16116116116116116,0.9984235417761429,0.9892933618843683,1.0
0.16216216216216217,0.9984235417761429,0.9892933618843683,1.0
0.16316316316316315,0.9984235417761429,0.9892933618843683,1.0
0.16416416416416416,0.9984235417761429,0.9892933618843683,1.0
0.16516516516516516,0.9984235417761429,0.9892933618843683,1.0
0.16616616616616617,0.9984235417761429,0.9892933618843683,1.0
0.16716716716716717,0.9984235417761429,0.9892933618843683,1.0
0.16816816816816815,0.9984235417761429,0.9892933618843683,1.0
0.16916916916916916,0.9984235417761429,0.9892933618843683,1.0
0.17017017017017017,0.9984235417761429,0.9892933618843683,1.0
0.17117117117117117,0.9984235417761429,0.9892933618843683,1.0
0.17217217217217218,0.9984235417761429,0.9892933618843683,1.0
0.17317317317317318,0.9984235417761429,0.9892933618843683,1.0
0.17417417417417416,0.9984235417761429,0.9892933618843683,1.0
0.17517517517517517,0.9984235417761429,0.9892933618843683,1.0
0.17617617617617617,0.9984235417761429,0.9892933618843683,1.0
0.17717717717717718,0.9984235417761429,0.9892933618843683,1.0
0.1781781781781782,0.9984235417761429,0.9892933618843683,1.0
0.17917917917917917,0.9979818365287588,0.9892933618843683,1.0
0.18018018018018017,0.9979818365287588,0.9892933618843683,1.0
0.18118118118118118,0.9979818365287588,0.9892933618843683,1.0
0.18218218218218218,0.9979818365287588,0.9892933618843683,1.0
0.1831831831831832,0.9979818365287588,0.9892933618843683,1.0
0.1841841841841842,0.9979818365287588,0.9892933618843683,1.0
0.18518518518518517,0.9979818365287588,0.9892933618843683,1.0
0.18618618618618618,0.9978976874562018,0.9892933618843683,1.0
0.1871871871871872,0.9978976874562018,0.9892933618843683,1.0
0.1881881881881882,0.9978976874562018,0.9892933618843683,1.0
0.1891891891891892,0.9978976874562018,0.9892933618843683,1.0
0.19019019019019018,0.9978976874562018,0.9892933618843683,1.0
0.19119119119119118,0.9978976874562018,0.9892933618843683,1.0
0.1921921921921922,0.9978976874562018,0.9892933618843683,1.0
0.1931931931931932,0.9978976874562018,0.9892933618843683,1.0
0.1941941941941942,0.9978976874562018,0.9892933618843683,1.0
0.19519519519519518,0.9978976874562018,0.9892933618843683,1.0
0.1961961961961962,0.9978976874562018,0.9892933618843683,1.0
0.1971971971971972,0.9978976874562018,0.9892933618843683,1.0
0.1981981981981982,0.9978976874562018,0.9892933618843683,1.0
0.1991991991991992,0.9978976874562018,0.9892933618843683,1.0
0.20020020020020018,0.9978976874562018,0.9892933618843683,1.0
0.2012012012012012,0.9978976874562018,0.9892933618843683,1.0
0.2022022022022022,0.9978976874562018,0.9892933618843683,1.0
0.2032032032032032,0.9978976874562018,0.9892933618843683,1.0
0.2042042042042042,0.9978976874562018,0.9892933618843683,1.0
0.20520520520520522,0.9978976874562018,0.9892933618843683,1.0
0.2062062062062062,0.9978976874562018,0.9892933618843683,1.0
0.2072072072072072,0.9978976874562018,0.9892933618843683,1.0
0.2082082082082082,0.9978976874562018,0.9892933618843683,1.0
0.2092092092092092,0.9978976874562018,0.9892933618843683,1.0
0.21021021021021022,0.9978976874562018,0.9892933618843683,1.0
0.2112112112112112,0.9978976874562018,0.9892933618843683,1.0
0.2122122122122122,0.9978976874562018,0.9892933618843683,1.0
0.2132132132132132,0.9978976874562018,0.9892933618843683,1.0
0.21421421421421422,0.9978976874562018,0.9892933618843683,1.0
0.21521521521521522,0.9978976874562018,0.9892933618843683,1.0
0.21621621621621623,0.9978976874562018,0.9892933618843683,1.0
0.2172172172172172,0.9978976874562018,0.9892933618843683,1.0
0.2182182182182182,0.9978976874562018,0.9892933618843683,1.0
0.21921921921921922,0.9978976874562018,0.9892933618843683,1.0
0.22022022022022023,0.9978976874562018,0.9892933618843683,1.0
0.22122122122122123,0.9978976874562018,0.9892933618843683,1.0
0.2222222222222222,0.9978976874562018,0.9892933618843683,1.0
0.22322322322322322,0.9978976874562018,0.9892933618843683,1.0
0.22422422422422422,0.9978976874562018,0.9892933618843683,1.0
0.22522522522522523,0.9978976874562018,0.9892933618843683,1.0
0.22622622622622623,0.9978976874562018,0.9892933618843683,1.0
0.2272272272272272,0.9978976874562018,0.9892933618843683,1.0
0.22822822822822822,0.9978976874562018,0.9892933618843683,1.0
0.22922922922922923,0.9978976874562018,0.9892933618843683,1.0
0.23023023023023023,0.9978976874562018,0.9892933618843683,1.0
0.23123123123123124,0.9978976874562018,0.9892933618843683,1.0
0.23223223223223222,0.9978976874562018,0.9892933618843683,1.0
0.23323323323323322,0.9978976874562018,0.9892933618843683,1.0
0.23423423423423423,0.9978976874562018,0.9892933618843683,1.0
0.23523523523523523,0.9978976874562018,0.9892933618843683,1.0
0.23623623623623624,0.9978976874562018,0.9892933618843683,1.0
0.23723723723723725,0.9978976874562018,0.9892933618843683,1.0
0.23823823823823823,0.9978976874562018,0.9892933618843683,1.0
0.23923923923923923,0.9978976874562018,0.9892933618843683,1.0
0.24024024024024024,0.9978976874562018,0.9892933618843683,1.0
0.24124124124124124,0.9978976874562018,0.9892933618843683,1.0
0.24224224224224225,0.9978976874562018,0.9892933618843683,1.0
0.24324324324324323,0.9978976874562018,0.9892933618843683,1.0
0.24424424424424424,0.9978976874562018,0.9892933618843683,1.0
0.24524524524524524,0.9978976874562018,0.9892933618843683,1.0
0.24624624624624625,0.9978976874562018,0.9892933618843683,1.0
0.24724724724724725,0.9978976874562018,0.9892933618843683,1.0
0.24824824824824826,0.9978976874562018,0.9892933618843683,1.0
0.24924924924924924,0.9978976874562018,0.9892933618843683,1.0
0.2502502502502503,0.9978976874562018,0.9892933618843683,1.0
0.25125125125125125,0.9978976874562018,0.9892933618843683,1.0
0.25225225225225223,0.9978976874562018,0.9892933618843683,1.0
0.25325325325325326,0.9978976874562018,0.9892933618843683,1.0
0.25425425425425424,0.9978976874562018,0.9892933618843683,1.0
0.2552552552552553,0.9978976874562018,0.9892933618843683,1.0
0.25625625625625625,0.9978976874562018,0.9892933618843683,1.0
0.25725725725725723,0.9978976874562018,0.9892933618843683,1.0
0.25825825825825827,0.9978976874562018,0.9892933618843683,1.0
0.25925925925925924,0.9978976874562018,0.9892933618843683,1.0
0.2602602602602603,0.9978976874562018,0.9892933618843683,1.0
0.26126126126126126,0.9978976874562018,0.9892933618843683,1.0
0.26226226226226224,0.9978976874562018,0.9892933618843683,1.0
0.26326326326326327,0.9978976874562018,0.9892933618843683,1.0
0.26426426426426425,0.9978976874562018,0.9892933618843683,1.0
0.2652652652652653,0.9978976874562018,0.9892933618843683,1.0
0.26626626626626626,0.9978976874562018,0.9892933618843683,1.0
0.26726726726726724,0.9978976874562018,0.9892933618843683,1.0
0.2682682682682683,0.9977592829705506,0.9892933618843683,1.0
0.26926926926926925,0.9977592829705506,0.9892933618843683,1.0
0.2702702702702703,0.9977592829705506,0.9892933618843683,1.0
0.27127127127127126,0.9977592829705506,0.9892933618843683,1.0
0.27227227227227224,0.9977592829705506,0.9892933618843683,1.0
0.2732732732732733,0.9977592829705506,0.9892933618843683,1.0
0.27427427427427425,0.9977592829705506,0.9892933618843683,1.0
0.2752752752752753,0.9977592829705506,0.9892933618843683,1.0
0.27627627627627627,0.9977592829705506,0.9892933618843683,1.0
0.2772772772772773,0.9977592829705506,0.9892933618843683,1.0
0.2782782782782783,0.9977592829705506,0.9892933618843683,1.0
0.27927927927927926,0.9977592829705506,0.9892933618843683,1.0
0.2802802802802803,0.9977592829705506,0.9892933618843683,1.0
0.28128128128128127,0.9977592829705506,0.9892933618843683,1.0
0.2822822822822823,0.9977592829705506,0.9892933618843683,1.0
0.2832832832832833,0.9977592829705506,0.9892933618843683,1.0
0.28428428428428426,0.9977592829705506,0.9892933618843683,1.0
0.2852852852852853,0.9977592829705506,0.9892933618843683,1.0
0.2862862862862863,0.9977592829705506,0.9892933618843683,1.0
0.2872872872872873,0.9977592829705506,0.9892933618843683,1.0
0.2882882882882883,0.9977592829705506,0.9892933618843683,1.0
0.28928928928928926,0.9977592829705506,0.9892933618843683,0.9952153110047847
0.2902902902902903,0.9977592829705506,0.9892933618843683,0.9952153110047847
0.2912912912912913,0.9977592829705506,0.9892933618843683,0.9952153110047847
0.2922922922922923,0.9977592829705506,0.9892933618843683,0.9952153110047847
0.2932932932932933,0.9976165254237288,0.9892933618843683,0.9952153110047847
0.29429429429429427,0.9976165254237288,0.9892933618843683,0.9952153110047847
0.2952952952952953,0.9976165254237288,0.9892933618843683,0.9952153110047847
0.2962962962962963,0.9976165254237288,0.9892933618843683,0.9952153110047847
0.2972972972972973,0.9976165254237288,0.9892933618843683,0.9952153110047847
0.2982982982982983,0.9976165254237288,0.9892933618843683,0.9952153110047847
0.29929929929929927,0.9976165254237288,0.9892933618843683,0.9952153110047847
0.3003003003003003,0.9976165254237288,0.9892933618843683,0.9952153110047847
0.3013013013013013,0.9976165254237288,0.9892933618843683,0.9952153110047847
0.3023023023023023,0.9976165254237288,0.9892933618843683,0.9952153110047847
0.3033033033033033,0.9976165254237288,0.9892933618843683,0.9952153110047847
0.30430430430430433,0.9976165254237288,0.9892933618843683,0.9952153110047847
0.3053053053053053,0.9976165254237288,0.9892933618843683,0.9952153110047847
0.3063063063063063,0.9976165254237288,0.9892933618843683,0.9952153110047847
0.3073073073073073,0.9976165254237288,0.9892933618843683,0.9952153110047847
0.3083083083083083,0.9976165254237288,0.9892933618843683,0.9952153110047847
0.30930930930930933,0.9976165254237288,0.9892933618843683,0.9952153110047847
0.3103103103103103,0.9976165254237288,0.9892933618843683,0.9952153110047847
0.3113113113113113,0.9976165254237288,0.9892933618843683,0.9952153110047847
0.3123123123123123,0.9976165254237288,0.9892933618843683,0.9952153110047847
0.3133133133133133,0.9976165254237288,0.9892933618843683,0.9952153110047847
0.31431431431431434,0.9976165254237288,0.9892933618843683,0.9952153110047847
0.3153153153153153,0.9976165254237288,0.9892933618843683,0.9952153110047847
0.3163163163163163,0.9976165254237288,0.9892933618843683,0.9952153110047847
0.3173173173173173,0.9976165254237288,0.9892933618843683,0.9952153110047847
0.3183183183183183,0.9976165254237288,0.9892933618843683,0.9952153110047847
0.31931931931931934,0.9976165254237288,0.9892933618843683,0.9952153110047847
0.3203203203203203,0.9976165254237288,0.9892933618843683,0.9952153110047847
0.3213213213213213,0.9976165254237288,0.9892933618843683,0.9952153110047847
0.32232232232232233,0.9976165254237288,0.9892933618843683,0.9952153110047847
0.3233233233233233,0.9976165254237288,0.9892933618843683,0.9952153110047847
0.32432432432432434,0.9976165254237288,0.9892933618843683,0.9952153110047847
0.3253253253253253,0.9976165254237288,0.9892933618843683,0.9952153110047847
0.3263263263263263,0.9976165254237288,0.9892933618843683,0.9952153110047847
0.32732732732732733,0.9976165254237288,0.9892933618843683,0.9952153110047847
0.3283283283283283,0.9976165254237288,0.9892933618843683,0.9952153110047847
0.32932932932932935,0.9976165254237288,0.9892933618843683,0.9952153110047847
0.3303303303303303,0.9976165254237288,0.9892933618843683,0.9952153110047847
0.3313313313313313,0.9976165254237288,0.9892933618843683,0.9952153110047847
0.33233233233233234,0.9976165254237288,0.9892933618843683,0.9952153110047847
0.3333333333333333,0.9976165254237288,0.9892933618843683,0.9952153110047847
0.33433433433433435,0.9976165254237288,0.9892933618843683,0.9952153110047847
0.3353353353353353,0.9976165254237288,0.9892933618843683,0.9952153110047847
0.3363363363363363,0.9976165254237288,0.9892933618843683,0.9952153110047847
0.33733733733733734,0.9976165254237288,0.9892933618843683,0.9937106918238994
0.3383383383383383,0.9976165254237288,0.9892933618843683,0.9937106918238994
0.33933933933933935,0.9976165254237288,0.9892933618843683,0.9937106918238994
0.34034034034034033,0.9976165254237288,0.9892933618843683,0.9937106918238994
0.34134134134134136,0.9976165254237288,0.9892933618843683,0.9937106918238994
0.34234234234234234,0.9976165254237288,0.9892665474060823,0.9937106918238994
0.3433433433433433,0.9976165254237288,0.9892665474060823,0.9937106918238994
0.34434434434434436,0.9976165254237288,0.9892665474060823,0.9937106918238994
0.34534534534534533,0.9976165254237288,0.9892665474060823,0.9937106918238994
0.34634634634634637,0.9976165254237288,0.9892665474060823,0.9937106918238994
0.34734734734734735,0.9976165254237288,0.9892665474060823,0.9937106918238994
0.3483483483483483,0.9976165254237288,0.9892665474060823,0.9937106918238994
0.34934934934934936,0.9976165254237288,0.9892665474060823,0.9937106918238994
0.35035035035035034,0.9976165254237288,0.9892665474060823,0.9937106918238994
0.35135135135135137,0.9976165254237288,0.9892665474060823,0.9937106918238994
0.35235235235235235,0.9976165254237288,0.9892665474060823,0.9937106918238994
0.3533533533533533,0.9976165254237288,0.9892665474060823,0.9937106918238994
0.35435435435435436,0.9973863042341872,0.9892665474060823,0.9937106918238994
0.35535535535535534,0.9973863042341872,0.9892665474060823,0.9937106918238994
0.3563563563563564,0.9973863042341872,0.9892665474060823,0.9937106918238994
0.35735735735735735,0.9973863042341872,0.9892665474060823,0.9937106918238994
0.35835835835835833,0.9973863042341872,0.9892665474060823,0.9937106918238994
0.35935935935935936,0.9972684380432083,0.9892665474060823,0.9937106918238994
0.36036036036036034,0.9972684380432083,0.9892665474060823,0.9937106918238994
0.3613613613613614,0.9972684380432083,0.9892665474060823,0.9937106918238994
0.36236236236236236,0.9972684380432083,0.9892665474060823,0.9937106918238994
0.36336336336336333,0.9972684380432083,0.9892665474060823,0.9937106918238994
0.36436436436436437,0.9972684380432083,0.9892665474060823,0.9937106918238994
0.36536536536536535,0.9972684380432083,0.9892665474060823,0.9937106918238994
0.3663663663663664,0.9972684380432083,0.9892665474060823,0.9937106918238994
0.36736736736736736,0.9972684380432083,0.9892665474060823,0.9937106918238994
0.3683683683683684,0.9972684380432083,0.9892665474060823,0.9937106918238994
0.36936936936936937,0.9972684380432083,0.9892665474060823,0.9937106918238994
0.37037037037037035,0.9972684380432083,0.9892665474060823,0.9937106918238994
0.3713713713713714,0.9972684380432083,0.9892665474060823,0.9937106918238994
0.37237237237237236,0.9972684380432083,0.9892665474060823,0.9937106918238994
0.3733733733733734,0.9972684380432083,0.9892665474060823,0.9937106918238994
0.3743743743743744,0.9972684380432083,0.9892665474060823,0.9937106918238994
0.37537537537537535,0.9972684380432083,0.9892665474060823,0.9937106918238994
0.3763763763763764,0.9972684380432083,0.9892665474060823,0.9937106918238994
0.37737737737737737,0.9972684380432083,0.9892665474060823,0.9937106918238994
0.3783783783783784,0.9970937272947444,0.9892665474060823,0.9937106918238994
0.3793793793793794,0.9970937272947444,0.9892665474060823,0.9937106918238994
0.38038038038038036,0.9970937272947444,0.9892665474060823,0.9937106918238994
0.3813813813813814,0.9970937272947444,0.9892665474060823,0.9937106918238994
0.38238238238238237,0.9970937272947444,0.9892665474060823,0.9937106918238994
0.3833833833833834,0.9970937272947444,0.9892665474060823,0.9937106918238994
0.3843843843843844,0.9970937272947444,0.9892665474060823,0.9937106918238994
0.38538538538538536,0.9970937272947444,0.9892665474060823,0.9937106918238994
0.3863863863863864,0.9970937272947444,0.9892665474060823,0.9937106918238994
0.38738738738738737,0.9968667148710533,0.9892665474060823,0.9937106918238994
0.3883883883883884,0.9968667148710533,0.9892665474060823,0.9937106918238994
0.3893893893893894,0.996715157203191,0.9892665474060823,0.9937106918238994
0.39039039039039036,0.996715157203191,0.9892665474060823,0.9937106918238994
0.3913913913913914,0.996715157203191,0.9892665474060823,0.9937106918238994
0.3923923923923924,0.996715157203191,0.9892665474060823,0.9937106918238994
0.3933933933933934,0.996715157203191,0.9892665474060823,0.9937106918238994
0.3943943943943944,0.996715157203191,0.9892665474060823,0.9937106918238994
0.39539539539539537,0.996715157203191,0.9892665474060823,0.9937106918238994
0.3963963963963964,0.996715157203191,0.9892665474060823,0.9937106918238994
0.3973973973973974,0.996715157203191,0.9892665474060823,0.9937106918238994
0.3983983983983984,0.996715157203191,0.9892665474060823,0.9937106918238994
0.3993993993993994,0.996715157203191,0.9892665474060823,0.9937106918238994
0.40040040040040037,0.9966771275613808,0.9892665474060823,0.9937106918238994
0.4014014014014014,0.9966771275613808,0.9892665474060823,0.9937106918238994
0.4024024024024024,0.9966771275613808,0.9892665474060823,0.9937106918238994
0.4034034034034034,0.9966771275613808,0.9892665474060823,0.9937106918238994
0.4044044044044044,0.9966771275613808,0.9892665474060823,0.9937106918238994
0.40540540540540543,0.9966771275613808,0.9892665474060823,0.9937106918238994
0.4064064064064064,0.9966771275613808,0.9892665474060823,0.9937106918238994
0.4074074074074074,0.9966771275613808,0.9892665474060823,0.9937106918238994
0.4084084084084084,0.9966771275613808,0.9892665474060823,0.9937106918238994
0.4094094094094094,0.9966771275613808,0.9884125144843569,0.9937106918238994
0.41041041041041043,0.9966771275613808,0.9884125144843569,0.9937106918238994
0.4114114114114114,0.9966771275613808,0.9884125144843569,0.9937106918238994
0.4124124124124124,0.9966771275613808,0.9884125144843569,0.9937106918238994
0.4134134134134134,0.9966771275613808,0.9884125144843569,0.9937106918238994
0.4144144144144144,0.9966771275613808,0.9884125144843569,0.9937106918238994
0.41541541541541543,0.9966771275613808,0.9884125144843569,0.9937106918238994
0.4164164164164164,0.9966771275613808,0.9884125144843569,0.9937106918238994
0.4174174174174174,0.9966771275613808,0.9884125144843569,0.9937106918238994
0.4184184184184184,0.9966771275613808,0.9884125144843569,0.9937106918238994
0.4194194194194194,0.9966771275613808,0.9884125144843569,0.9937106918238994
0.42042042042042044,0.9966771275613808,0.9884125144843569,0.9937106918238994
0.4214214214214214,0.9966771275613808,0.9884125144843569,0.9937106918238994
0.4224224224224224,0.9966771275613808,0.9884125144843569,0.9937106918238994
0.42342342342342343,0.9966771275613808,0.9884125144843569,0.9937106918238994
0.4244244244244244,0.9966771275613808,0.9884125144843569,0.9937106918238994
0.42542542542542544,0.9966771275613808,0.9884125144843569,0.9937106918238994
0.4264264264264264,0.9966771275613808,0.9884125144843569,0.9937106918238994
0.4274274274274274,0.9966771275613808,0.9884125144843569,0.9937106918238994
0.42842842842842843,0.9966771275613808,0.9884125144843569,0.9937106918238994
0.4294294294294294,0.9966771275613808,0.9884125144843569,0.9937106918238994
0.43043043043043044,0.9966771275613808,0.9884125144843569,0.9937106918238994
0.4314314314314314,0.9966771275613808,0.9884125144843569,0.9937106918238994
0.43243243243243246,0.9966771275613808,0.9884125144843569,0.9937106918238994
0.43343343343343343,0.9966771275613808,0.9884125144843569,0.9937106918238994
0.4344344344344344,0.9966771275613808,0.9884125144843569,0.9937106918238994
0.43543543543543545,0.9966771275613808,0.9884125144843569,0.9937106918238994
0.4364364364364364,0.9966771275613808,0.9884125144843569,0.9937106918238994
0.43743743743743746,0.9966771275613808,0.9884125144843569,0.9937106918238994
0.43843843843843844,0.9966771275613808,0.9884125144843569,0.9937106918238994
0.4394394394394394,0.9966771275613808,0.9884125144843569,0.9937106918238994
0.44044044044044045,0.9966771275613808,0.9884125144843569,0.9937106918238994
0.44144144144144143,0.9966771275613808,0.9884125144843569,0.9937106918238994
0.44244244244244246,0.9966771275613808,0.9884125144843569,0.9937106918238994
0.44344344344344344,0.9966771275613808,0.9884125144843569,0.9937106918238994
0.4444444444444444,0.9966771275613808,0.9884125144843569,0.9937106918238994
0.44544544544544545,0.9966771275613808,0.9884125144843569,0.9937106918238994
0.44644644644644643,0.9966771275613808,0.9884125144843569,0.9937106918238994
0.44744744744744747,0.9966771275613808,0.9884125144843569,0.9937106918238994
0.44844844844844844,0.9966771275613808,0.9884125144843569,0.9937106918238994
0.4494494494494494,0.9966771275613808,0.9884125144843569,0.9937106918238994
0.45045045045045046,0.9966771275613808,0.9884125144843569,0.9937106918238994
0.45145145145145144,0.9966771275613808,0.9884125144843569,0.9937106918238994
0.45245245245245247,0.9966771275613808,0.9884125144843569,0.9937106918238994
0.45345345345345345,0.9966771275613808,0.9884125144843569,0.9937106918238994
0.4544544544544544,0.9966771275613808,0.9884125144843569,0.9937106918238994
0.45545545545545546,0.9966771275613808,0.9884125144843569,0.9937106918238994
0.45645645645645644,0.9966771275613808,0.9884125144843569,0.9937106918238994
0.4574574574574575,0.9966771275613808,0.9884125144843569,0.9937106918238994
0.45845845845845845,0.9966771275613808,0.9884125144843569,0.9937106918238994
0.45945945945945943,0.9966771275613808,0.9884125144843569,0.9937106918238994
0.46046046046046046,0.9966771275613808,0.9884125144843569,0.9937106918238994
0.46146146146146144,0.9966771275613808,0.9884125144843569,0.9937106918238994
0.4624624624624625,0.9966771275613808,0.9884125144843569,0.9937106918238994
0.46346346346346345,0.9966771275613808,0.9884125144843569,0.9937106918238994
0.46446446446446443,0.9966771275613808,0.9884125144843569,0.9937106918238994
0.46546546546546547,0.9966771275613808,0.9884125144843569,0.9937106918238994
0.46646646646646645,0.9966771275613808,0.9884125144843569,0.9937106918238994
0.4674674674674675,0.9966771275613808,0.9884125144843569,0.9937106918238994
0.46846846846846846,0.9966771275613808,0.9884125144843569,0.9937106918238994
0.4694694694694695,0.9966771275613808,0.9884125144843569,0.9937106918238994
0.47047047047047047,0.9966771275613808,0.9884125144843569,0.9937106918238994
0.47147147147147145,0.9966771275613808,0.9884125144843569,0.9937106918238994
0.4724724724724725,0.9966771275613808,0.9884125144843569,0.9937106918238994
0.47347347347347346,0.9966771275613808,0.9884125144843569,0.9937106918238994
0.4744744744744745,0.9966771275613808,0.9884125144843569,0.9937106918238994
0.4754754754754755,0.9966771275613808,0.9884125144843569,0.9937106918238994
0.47647647647647645,0.9966771275613808,0.9884125144843569,0.9937106918238994
0.4774774774774775,0.9966771275613808,0.9884125144843569,0.9937106918238994
0.47847847847847846,0.9966771275613808,0.9884125144843569,0.9937106918238994
0.4794794794794795,0.9966771275613808,0.9884125144843569,0.9937106918238994
0.4804804804804805,0.9966771275613808,0.9884125144843569,0.9937106918238994
0.48148148148148145,0.9966771275613808,0.9884125144843569,0.9937106918238994
0.4824824824824825,0.9966771275613808,0.9884125144843569,0.9937106918238994
0.48348348348348347,0.9966771275613808,0.9884125144843569,0.9937106918238994
0.4844844844844845,0.9966771275613808,0.9884125144843569,0.9937106918238994
0.4854854854854855,0.9966771275613808,0.9884125144843569,0.9937106918238994
0.48648648648648646,0.9966771275613808,0.9884125144843569,0.9937106918238994
0.4874874874874875,0.9966771275613808,0.9884125144843569,0.9937106918238994
0.48848848848848847,0.9966771275613808,0.9884125144843569,0.9937106918238994
0.4894894894894895,0.9966771275613808,0.9884125144843569,0.9937106918238994
0.4904904904904905,0.9966771275613808,0.9884125144843569,0.9937106918238994
0.49149149149149146,0.9966771275613808,0.9884125144843569,0.9937106918238994
0.4924924924924925,0.9966771275613808,0.9884125144843569,0.9937106918238994
0.4934934934934935,0.9966771275613808,0.9884125144843569,0.9937106918238994
0.4944944944944945,0.9966771275613808,0.9884125144843569,0.9937106918238994
0.4954954954954955,0.9966771275613808,0.9884125144843569,0.9937106918238994
0.4964964964964965,0.9966771275613808,0.9884125144843569,0.9937106918238994
0.4974974974974975,0.9966771275613808,0.9884125144843569,0.9937106918238994
0.4984984984984985,0.9966771275613808,0.9884125144843569,0.9937106918238994
0.4994994994994995,0.9966771275613808,0.9884125144843569,0.9937106918238994
0.5005005005005005,0.9966771275613808,0.9884125144843569,0.9937106918238994
0.5015015015015015,0.9966771275613808,0.9884125144843569,0.9937106918238994
0.5025025025025025,0.9966771275613808,0.9884125144843569,0.9937106918238994
0.5035035035035035,0.9966771275613808,0.9884125144843569,0.9937106918238994
0.5045045045045045,0.9966771275613808,0.9884125144843569,0.9937106918238994
0.5055055055055055,0.9966771275613808,0.9884125144843569,0.9937106918238994
0.5065065065065065,0.9966771275613808,0.9884125144843569,0.9937106918238994
0.5075075075075075,0.9966771275613808,0.9884125144843569,0.9937106918238994
0.5085085085085085,0.9963282540848173,0.9884125144843569,0.9937106918238994
0.5095095095095095,0.9963282540848173,0.9884125144843569,0.9937106918238994
0.5105105105105106,0.9962566844919786,0.9884125144843569,0.9937106918238994
0.5115115115115115,0.9962566844919786,0.9884125144843569,0.9937106918238994
0.5125125125125125,0.9962566844919786,0.9884125144843569,0.990990990990991
0.5135135135135135,0.9962566844919786,0.9884125144843569,0.990990990990991
0.5145145145145145,0.9962566844919786,0.9884125144843569,0.990990990990991
0.5155155155155156,0.9962566844919786,0.9884125144843569,0.990990990990991
0.5165165165165165,0.9962566844919786,0.9884125144843569,0.990990990990991
0.5175175175175175,0.9962566844919786,0.9884125144843569,0.990990990990991
0.5185185185185185,0.9962566844919786,0.9884125144843569,0.990990990990991
0.5195195195195195,0.9962566844919786,0.9884125144843569,0.990990990990991
0.5205205205205206,0.9962566844919786,0.9884125144843569,0.990990990990991
0.5215215215215215,0.9962566844919786,0.9884125144843569,0.990990990990991
0.5225225225225225,0.9962566844919786,0.9884125144843569,0.990990990990991
0.5235235235235235,0.9962566844919786,0.9884125144843569,0.990990990990991
0.5245245245245245,0.9962566844919786,0.9884125144843569,0.990990990990991
0.5255255255255256,0.9962566844919786,0.9884125144843569,0.990990990990991
0.5265265265265265,0.9959620786516854,0.9884125144843569,0.990990990990991
0.5275275275275275,0.9959620786516854,0.9884125144843569,0.990990990990991
0.5285285285285285,0.9959620786516854,0.9884125144843569,0.990990990990991
0.5295295295295295,0.9959620786516854,0.9884125144843569,0.990990990990991
0.5305305305305306,0.9959620786516854,0.9884125144843569,0.990990990990991
0.5315315315315315,0.9959620786516854,0.9884125144843569,0.990990990990991
0.5325325325325325,0.9959620786516854,0.9884125144843569,0.990990990990991
0.5335335335335335,0.9958819492107069,0.9884125144843569,0.990990990990991
0.5345345345345345,0.9958819492107069,0.9884125144843569,0.990990990990991
0.5355355355355356,0.9958819492107069,0.9884125144843569,0.9881305637982196
0.5365365365365365,0.9958819492107069,0.9884125144843569,0.9881305637982196
0.5375375375375375,0.9958819492107069,0.9884125144843569,0.9881305637982196
0.5385385385385385,0.9958819492107069,0.9884125144843569,0.9881305637982196
0.5395395395395395,0.9958819492107069,0.9884125144843569,0.9881305637982196
0.5405405405405406,0.9958819492107069,0.9884125144843569,0.9861111111111112
0.5415415415415415,0.9958819492107069,0.9884125144843569,0.9861111111111112
0.5425425425425425,0.9958819492107069,0.9884125144843569,0.9861111111111112
0.5435435435435435,0.9958819492107069,0.9884125144843569,0.9861111111111112
0.5445445445445445,0.9958819492107069,0.9884125144843569,0.9861111111111112
0.5455455455455456,0.9958819492107069,0.9884125144843569,0.9861111111111112
0.5465465465465466,0.9957848592142977,0.9884125144843569,0.9861111111111112
0.5475475475475475,0.9957848592142977,0.9884125144843569,0.9861111111111112
0.5485485485485485,0.9957848592142977,0.9884125144843569,0.9861111111111112
0.5495495495495496,0.9957848592142977,0.9884125144843569,0.9861111111111112
0.5505505505505506,0.9957848592142977,0.9884125144843569,0.9861111111111112
0.5515515515515516,0.9957848592142977,0.9884125144843569,0.9861111111111112
0.5525525525525525,0.9957848592142977,0.9884125144843569,0.9861111111111112
0.5535535535535535,0.9957848592142977,0.9884125144843569,0.9861111111111112
0.5545545545545546,0.9957848592142977,0.9884125144843569,0.9861111111111112
0.5555555555555556,0.9956587076306562,0.9884125144843569,0.9861111111111112
0.5565565565565566,0.9956587076306562,0.9884125144843569,0.9861111111111112
0.5575575575575575,0.9956587076306562,0.9884125144843569,0.9861111111111112
0.5585585585585585,0.9956587076306562,0.9884125144843569,0.9861111111111112
0.5595595595595596,0.9956587076306562,0.9884125144843569,0.9861111111111112
0.5605605605605606,0.9956587076306562,0.9884125144843569,0.9861111111111112
0.5615615615615616,0.9955290611028316,0.9884125144843569,0.9861111111111112
0.5625625625625625,0.9955290611028316,0.9884125144843569,0.9861111111111112
0.5635635635635635,0.9955290611028316,0.9884125144843569,0.9861111111111112
0.5645645645645646,0.9955290611028316,0.9884125144843569,0.9861111111111112
0.5655655655655656,0.9954567580723673,0.9884125144843569,0.9861111111111112
0.5665665665665666,0.9954567580723673,0.9884125144843569,0.9861111111111112
0.5675675675675675,0.9954567580723673,0.9884125144843569,0.9861111111111112
0.5685685685685685,0.9954567580723673,0.9884125144843569,0.9861111111111112
0.5695695695695696,0.9954567580723673,0.9884125144843569,0.9861111111111112
0.5705705705705706,0.9954567580723673,0.9884125144843569,0.9861111111111112
0.5715715715715716,0.9954567580723673,0.9884125144843569,0.9861111111111112
0.5725725725725725,0.9954567580723673,0.9884125144843569,0.9861111111111112
0.5735735735735735,0.9954567580723673,0.9884125144843569,0.9861111111111112
0.5745745745745746,0.9954567580723673,0.9884125144843569,0.9861111111111112
0.5755755755755756,0.9954567580723673,0.9884125144843569,0.9837962962962963
0.5765765765765766,0.9954567580723673,0.9884125144843569,0.9837962962962963
0.5775775775775776,0.99536,0.9884125144843569,0.9837962962962963
0.5785785785785785,0.99536,0.9884125144843569,0.9837962962962963
0.5795795795795796,0.99536,0.9884125144843569,0.9837962962962963
0.5805805805805806,0.99536,0.9884125144843569,0.9837962962962963
0.5815815815815816,0.99536,0.9884125144843569,0.9837962962962963
0.5825825825825826,0.99536,0.9884125144843569,0.9837962962962963
0.5835835835835835,0.99536,0.9884125144843569,0.9837962962962963
0.5845845845845846,0.99536,0.9884125144843569,0.9837962962962963
0.5855855855855856,0.9952418715305313,0.9884125144843569,0.9837962962962963
0.5865865865865866,0.9952418715305313,0.9884125144843569,0.9837962962962963
0.5875875875875876,0.9952418715305313,0.9884125144843569,0.9837962962962963
0.5885885885885885,0.9952418715305313,0.9884125144843569,0.9837962962962963
0.5895895895895896,0.9952418715305313,0.9884125144843569,0.9837962962962963
0.5905905905905906,0.9951690821256038,0.9884125144843569,0.9837962962962963
0.5915915915915916,0.9951690821256038,0.9884125144843569,0.9837962962962963
0.5925925925925926,0.9951690821256038,0.9884125144843569,0.9837962962962963
0.5935935935935935,0.9951690821256038,0.9884125144843569,0.9837962962962963
0.5945945945945946,0.9951690821256038,0.9884125144843569,0.9837962962962963
0.5955955955955956,0.9951690821256038,0.9884125144843569,0.9837962962962963
0.5965965965965966,0.9951690821256038,0.9884125144843569,0.9837962962962963
0.5975975975975976,0.9951690821256038,0.9884125144843569,0.9837962962962963
0.5985985985985985,0.9951690821256038,0.9884125144843569,0.9837962962962963
0.5995995995995996,0.9951690821256038,0.9884125144843569,0.9837962962962963
0.6006006006006006,0.9950395287552317,0.9884125144843569,0.9837962962962963
0.6016016016016016,0.9950395287552317,0.9884125144843569,0.9837962962962963
0.6026026026026026,0.9950395287552317,0.9884125144843569,0.9837962962962963
0.6036036036036035,0.9949548998624064,0.9884125144843569,0.9837962962962963
0.6046046046046046,0.9949548998624064,0.9884125144843569,0.9837962962962963
0.6056056056056056,0.9949548998624064,0.9884125144843569,0.9837962962962963
0.6066066066066066,0.9949548998624064,0.9884125144843569,0.9837962962962963
0.6076076076076076,0.9949548998624064,0.9884125144843569,0.9837962962962963
0.6086086086086087,0.9949548998624064,0.9884125144843569,0.9837962962962963
0.6096096096096096,0.9949548998624064,0.9884125144843569,0.9837962962962963
0.6106106106106106,0.9949548998624064,0.9884125144843569,0.9837962962962963
0.6116116116116116,0.9949548998624064,0.9884125144843569,0.9837962962962963
0.6126126126126126,0.994846142185842,0.9884125144843569,0.9837962962962963
0.6136136136136137,0.994846142185842,0.9884125144843569,0.9837962962962963
0.6146146146146146,0.994846142185842,0.9884125144843569,0.9837962962962963
0.6156156156156156,0.994846142185842,0.9884125144843569,0.9837962962962963
0.6166166166166166,0.994846142185842,0.9884125144843569,0.9837962962962963
0.6176176176176176,0.9947145877378436,0.9884125144843569,0.9837962962962963
0.6186186186186187,0.9947145877378436,0.9884125144843569,0.9837962962962963
0.6196196196196196,0.9945913461538461,0.9884125144843569,0.9837962962962963
0.6206206206206206,0.9945913461538461,0.9884125144843569,0.9837962962962963
0.6216216216216216,0.9945913461538461,0.9884125144843569,0.9837962962962963
0.6226226226226226,0.994480906921241,0.9884125144843569,0.9837962962962963
0.6236236236236237,0.994480906921241,0.9884125144843569,0.9837962962962963
0.6246246246246246,0.994480906921241,0.9884125144843569,0.9837962962962963
0.6256256256256256,0.994480906921241,0.9884125144843569,0.9837962962962963
0.6266266266266266,0.994480906921241,0.9884125144843569,0.9837962962962963
0.6276276276276276,0.9943836831214898,0.9884125144843569,0.9837962962962963
0.6286286286286287,0.9943836831214898,0.9884125144843569,0.9837962962962963
0.6296296296296297,0.9943836831214898,0.9884125144843569,0.9837962962962963
0.6306306306306306,0.9943836831214898,0.9884125144843569,0.9837962962962963
0.6316316316316316,0.9943836831214898,0.9879385964912281,0.9837962962962963
0.6326326326326326,0.9942915690866511,0.9879385964912281,0.9837962962962963
0.6336336336336337,0.9942915690866511,0.9879385964912281,0.9837962962962963
0.6346346346346347,0.9942915690866511,0.9879385964912281,0.9837962962962963
0.6356356356356356,0.9942915690866511,0.9879385964912281,0.9837962962962963
0.6366366366366366,0.9942915690866511,0.9879385964912281,0.9837962962962963
0.6376376376376376,0.9942915690866511,0.9879385964912281,0.9837962962962963
0.6386386386386387,0.9942915690866511,0.9879385964912281,0.9837962962962963
0.6396396396396397,0.994198694706309,0.9879385964912281,0.9837962962962963
0.6406406406406406,0.994198694706309,0.9879385964912281,0.9837962962962963
0.6416416416416416,0.994198694706309,0.9879385964912281,0.9837962962962963
0.6426426426426426,0.994198694706309,0.9879385964912281,0.9837962962962963
0.6436436436436437,0.994198694706309,0.9879385964912281,0.9837962962962963
0.6446446446446447,0.9940562481878805,0.9879385964912281,0.9837962962962963
0.6456456456456456,0.9939420164430982,0.9879385964912281,0.9837962962962963
0.6466466466466466,0.9939420164430982,0.9879385964912281,0.9837962962962963
0.6476476476476476,0.9939420164430982,0.9879385964912281,0.9837962962962963
0.6486486486486487,0.9936781609195402,0.9879385964912281,0.9837962962962963
0.6496496496496497,0.9936781609195402,0.9879385964912281,0.9837962962962963
0.6506506506506506,0.993558545662754,0.9879385964912281,0.9837962962962963
0.6516516516516516,0.993558545662754,0.9879385964912281,0.9837962962962963
0.6526526526526526,0.993558545662754,0.9879385964912281,0.9837962962962963
0.6536536536536537,0.9934862645143019,0.9879385964912281,0.9837962962962963
0.6546546546546547,0.9934862645143019,0.9879385964912281,0.9837962962962963
0.6556556556556556,0.9934862645143019,0.9879385964912281,0.9837962962962963
0.6566566566566566,0.9934862645143019,0.9879385964912281,0.9837962962962963
0.6576576576576576,0.9934862645143019,0.9879385964912281,0.9837962962962963
0.6586586586586587,0.9934862645143019,0.9879385964912281,0.9837962962962963
0.6596596596596597,0.9934862645143019,0.9879385964912281,0.9837962962962963
0.6606606606606606,0.9934320849636669,0.9879385964912281,0.9837962962962963
0.6616616616616616,0.9934320849636669,0.9879385964912281,0.9837962962962963
0.6626626626626626,0.9934320849636669,0.9879385964912281,0.9837962962962963
0.6636636636636637,0.9934320849636669,0.9879385964912281,0.9837962962962963
0.6646646646646647,0.9934320849636669,0.9879385964912281,0.9837962962962963
0.6656656656656657,0.9934320849636669,0.9879385964912281,0.9837962962962963
0.6666666666666666,0.9934320849636669,0.9879385964912281,0.9837962962962963
0.6676676676676676,0.9934320849636669,0.9869706840390879,0.9837962962962963
0.6686686686686687,0.9933175553389948,0.9869706840390879,0.9837962962962963
0.6696696696696697,0.9933175553389948,0.9869706840390879,0.9837962962962963
0.6706706706706707,0.9933175553389948,0.9869706840390879,0.9837962962962963
0.6716716716716716,0.9930939226519337,0.9869706840390879,0.9837962962962963
0.6726726726726726,0.9930939226519337,0.9869706840390879,0.9837962962962963
0.6736736736736737,0.9930939226519337,0.9862142099681867,0.9837962962962963
0.6746746746746747,0.9930939226519337,0.9862142099681867,0.9837962962962963
0.6756756756756757,0.9930939226519337,0.9862142099681867,0.9837962962962963
0.6766766766766766,0.9930165685334794,0.9862142099681867,0.9837962962962963
0.6776776776776777,0.9930165685334794,0.9862142099681867,0.9837962962962963
0.6786786786786787,0.9930165685334794,0.9862142099681867,0.9837962962962963
0.6796796796796797,0.9930165685334794,0.9862142099681867,0.9837962962962963
0.6806806806806807,0.9930165685334794,0.9862142099681867,0.9837962962962963
0.6816816816816816,0.9930165685334794,0.9862142099681867,0.9837962962962963
0.6826826826826827,0.9929587000677048,0.9862142099681867,0.9837962962962963
0.6836836836836837,0.9929587000677048,0.9862142099681867,0.9837962962962963
0.6846846846846847,0.9929587000677048,0.9862142099681867,0.9837962962962963
0.6856856856856857,0.9929587000677048,0.9862142099681867,0.9837962962962963
0.6866866866866866,0.9929587000677048,0.9862142099681867,0.9837962962962963
0.6876876876876877,0.9929587000677048,0.9862142099681867,0.9837962962962963
0.6886886886886887,0.9929587000677048,0.9855371900826446,0.9837962962962963
0.6896896896896897,0.9928436402916554,0.9855371900826446,0.9833948339483395
0.6906906906906907,0.9928436402916554,0.9855371900826446,0.9833948339483395
0.6916916916916916,0.9927360774818402,0.9855371900826446,0.9833948339483395
0.6926926926926927,0.9927360774818402,0.9855371900826446,0.9833948339483395
0.6936936936936937,0.9927360774818402,0.9855371900826446,0.9833948339483395
0.6946946946946947,0.9926134837496643,0.9855371900826446,0.9833948339483395
0.6956956956956957,0.9925253603844101,0.9855371900826446,0.9833948339483395
0.6966966966966966,0.9925253603844101,0.9855371900826446,0.9833948339483395
0.6976976976976977,0.9925253603844101,0.9855371900826446,0.9833948339483395
0.6986986986986987,0.9925253603844101,0.9855371900826446,0.9833948339483395
0.6996996996996997,0.9924,0.9855371900826446,0.9833948339483395
0.7007007007007007,0.9923523206751055,0.9855371900826446,0.9833948339483395
0.7017017017017017,0.9923523206751055,0.9855371900826446,0.9833948339483395
0.7027027027027027,0.9923523206751055,0.9855371900826446,0.9833948339483395
0.7037037037037037,0.9923523206751055,0.9855371900826446,0.9833948339483395
0.7047047047047047,0.9923523206751055,0.9855371900826446,0.9833948339483395
0.7057057057057057,0.9923523206751055,0.9855371900826446,0.9833948339483395
0.7067067067067067,0.9923523206751055,0.9847715736040609,0.9833948339483395
0.7077077077077077,0.9922511163645915,0.9847715736040609,0.9833948339483395
0.7087087087087087,0.9922511163645915,0.9847715736040609,0.9833948339483395
0.7097097097097097,0.9922511163645915,0.9847715736040609,0.9833948339483395
0.7107107107107107,0.992143511850203,0.9847715736040609,0.9833948339483395
0.7117117117117117,0.992143511850203,0.9847715736040609,0.9833948339483395
0.7127127127127127,0.9920469361147327,0.9847715736040609,0.9833948339483395
0.7137137137137137,0.9920469361147327,0.9847715736040609,0.9833948339483395
0.7147147147147147,0.9920469361147327,0.9847715736040609,0.9833948339483395
0.7157157157157157,0.9919501428200468,0.9847715736040609,0.9833948339483395
0.7167167167167167,0.9919501428200468,0.9847715736040609,0.9833948339483395
0.7177177177177178,0.9919501428200468,0.9847715736040609,0.9833948339483395
0.7187187187187187,0.9917430009031093,0.9843444227005871,0.9833948339483395
0.7197197197197197,0.9917430009031093,0.9843444227005871,0.9833948339483395
0.7207207207207207,0.9917430009031093,0.9843444227005871,0.9833948339483395
0.7217217217217217,0.9917430009031093,0.9843444227005871,0.9833948339483395
0.7227227227227228,0.9917430009031093,0.9843444227005871,0.9833948339483395
0.7237237237237237,0.9915352058484033,0.9843444227005871,0.9833948339483395
0.7247247247247247,0.9915352058484033,0.9843444227005871,0.9833948339483395
0.7257257257257257,0.9915352058484033,0.9843444227005871,0.9833948339483395
0.7267267267267267,0.9915352058484033,0.9843444227005871,0.9833948339483395
0.7277277277277278,0.9914606168748407,0.9843444227005871,0.9833948339483395
0.7287287287287287,0.9914606168748407,0.9843444227005871,0.9833948339483395
0.7297297297297297,0.9914606168748407,0.9843444227005871,0.9833948339483395
0.7307307307307307,0.9914606168748407,0.9843444227005871,0.9833948339483395
0.7317317317317317,0.9913375796178344,0.9843444227005871,0.9833948339483395
0.7327327327327328,0.991234756097561,0.9843444227005871,0.9833948339483395
0.7337337337337337,0.9911167512690355,0.9843444227005871,0.9833948339483395
0.7347347347347347,0.9910904755929226,0.9843444227005871,0.9833948339483395
0.7357357357357357,0.9910904755929226,0.9843444227005871,0.9833948339483395
0.7367367367367368,0.9910904755929226,0.9843444227005871,0.9833948339483395
0.7377377377377378,0.9910904755929226,0.9843444227005871,0.9833948339483395
0.7387387387387387,0.9910904755929226,0.9843444227005871,0.9833948339483395
0.7397397397397397,0.9910904755929226,0.9843444227005871,0.9833948339483395
0.7407407407407407,0.9910904755929226,0.9843444227005871,0.9833948339483395
0.7417417417417418,0.9910904755929226,0.9843444227005871,0.9833948339483395
0.7427427427427428,0.9910525661737294,0.9843444227005871,0.9833948339483395
0.7437437437437437,0.9910525661737294,0.9843444227005871,0.9833948339483395
0.7447447447447447,0.9910525661737294,0.9836538461538461,0.9833948339483395
0.7457457457457457,0.9910525661737294,0.9836538461538461,0.9833948339483395
0.7467467467467468,0.9910525661737294,0.9836538461538461,0.9833948339483395
0.7477477477477478,0.9910525661737294,0.9836538461538461,0.9833948339483395
0.7487487487487487,0.9910525661737294,0.9836538461538461,0.9833948339483395
0.7497497497497497,0.9910525661737294,0.9836538461538461,0.9833948339483395
0.7507507507507507,0.9909451748945671,0.9836538461538461,0.9833948339483395
0.7517517517517518,0.9909178977960765,0.9836538461538461,0.9833948339483395
0.7527527527527528,0.9909178977960765,0.9836538461538461,0.9833948339483395
0.7537537537537538,0.9909178977960765,0.9836538461538461,0.9833948339483395
0.7547547547547547,0.9909178977960765,0.9836538461538461,0.9833948339483395
0.7557557557557557,0.9909178977960765,0.9836538461538461,0.9833948339483395
0.7567567567567568,0.9909178977960765,0.9836538461538461,0.9833948339483395
0.7577577577577578,0.9909178977960765,0.982725527831094,0.9833948339483395
0.7587587587587588,0.9909178977960765,0.9824074074074074,0.9833948339483395
0.7597597597597597,0.9909178977960765,0.9824074074074074,0.9833948339483395
0.7607607607607607,0.9909178977960765,0.9824074074074074,0.9833948339483395
0.7617617617617618,0.9909178977960765,0.9824074074074074,0.9833948339483395
0.7627627627627628,0.9909178977960765,0.9824074074074074,0.9833948339483395
0.7637637637637638,0.9909178977960765,0.9824074074074074,0.9833948339483395
0.7647647647647647,0.9909178977960765,0.9824074074074074,0.9833948339483395
0.7657657657657657,0.9909178977960765,0.9824074074074074,0.9833948339483395
0.7667667667667668,0.9909178977960765,0.9824074074074074,0.9833948339483395
0.7677677677677678,0.9909178977960765,0.9824074074074074,0.9833948339483395
0.7687687687687688,0.9909178977960765,0.9824074074074074,0.9833948339483395
0.7697697697697697,0.9908609908609909,0.9824074074074074,0.9833948339483395
0.7707707707707707,0.9908609908609909,0.9824074074074074,0.9833948339483395
0.7717717717717718,0.9908609908609909,0.9824074074074074,0.9833948339483395
0.7727727727727728,0.9908609908609909,0.9824074074074074,0.9833948339483395
0.7737737737737738,0.9908609908609909,0.9824074074074074,0.9833948339483395
0.7747747747747747,0.9908609908609909,0.9824074074074074,0.9833948339483395
0.7757757757757757,0.9907231208372979,0.9824074074074074,0.9833948339483395
0.7767767767767768,0.9907231208372979,0.9824074074074074,0.9833948339483395
0.7777777777777778,0.9907231208372979,0.9824074074074074,0.9833948339483395
0.7787787787787788,0.9907231208372979,0.9824074074074074,0.9833948339483395
0.7797797797797797,0.9907231208372979,0.9824074074074074,0.9833948339483395
0.7807807807807807,0.9907231208372979,0.9824074074074074,0.9833948339483395
0.7817817817817818,0.9907231208372979,0.9824074074074074,0.9833948339483395
0.7827827827827828,0.9907231208372979,0.9824074074074074,0.9833948339483395
0.7837837837837838,0.990618691366821,0.9824074074074074,0.9833948339483395
0.7847847847847848,0.9905089571716692,0.9824074074074074,0.9833948339483395
0.7857857857857857,0.9904413500118008,0.9818676337262012,0.9833948339483395
0.7867867867867868,0.9904413500118008,0.9818676337262012,0.9833948339483395
0.7877877877877878,0.9904413500118008,0.9818676337262012,0.9833948339483395
0.7887887887887888,0.9904413500118008,0.9818676337262012,0.9833948339483395
0.7897897897897898,0.9903358868591632,0.9818676337262012,0.9833948339483395
0.7907907907907907,0.9900094029149036,0.9818676337262012,0.9833948339483395
0.7917917917917918,0.9900094029149036,0.9818676337262012,0.9833948339483395
0.7927927927927928,0.9899226622920084,0.9818676337262012,0.9833948339483395
0.7937937937937938,0.9899226622920084,0.9818676337262012,0.9833948339483395
0.7947947947947948,0.9898305084745763,0.9818676337262012,0.9833948339483395
0.7957957957957957,0.9898305084745763,0.9818676337262012,0.9833948339483395
0.7967967967967968,0.9897352152105447,0.9818676337262012,0.9833948339483395
0.7977977977977978,0.9897352152105447,0.9818676337262012,0.9833948339483395
0.7987987987987988,0.9895676364900893,0.9818676337262012,0.9833948339483395
0.7997997997997998,0.9895676364900893,0.9818676337262012,0.9833948339483395
0.8008008008008007,0.9895676364900893,0.9818676337262012,0.9833948339483395
0.8018018018018018,0.9895676364900893,0.9810126582278481,0.9833948339483395
0.8028028028028028,0.9895149210738564,0.9810126582278481,0.9833948339483395
0.8038038038038038,0.9895149210738564,0.980701754385965,0.9833948339483395
0.8048048048048048,0.9895149210738564,0.980701754385965,0.9833948339483395
0.8058058058058059,0.9895149210738564,0.980701754385965,0.9833948339483395
0.8068068068068068,0.9895149210738564,0.980701754385965,0.9833948339483395
0.8078078078078078,0.9894325752354698,0.980701754385965,0.9833948339483395
0.8088088088088088,0.9894325752354698,0.980701754385965,0.9833948339483395
0.8098098098098098,0.9894325752354698,0.980701754385965,0.9833948339483395
0.8108108108108109,0.9891354071363221,0.980701754385965,0.9833948339483395
0.8118118118118118,0.9891354071363221,0.980701754385965,0.9833948339483395
0.8128128128128128,0.9891354071363221,0.980701754385965,0.9833948339483395
0.8138138138138138,0.9886999201004452,0.980701754385965,0.9833948339483395
0.8148148148148148,0.9885935895973537,0.980701754385965,0.9833948339483395
0.8158158158158159,0.9885733680280575,0.980701754385965,0.9833948339483395
0.8168168168168168,0.9885733680280575,0.980701754385965,0.9833948339483395
0.8178178178178178,0.9885733680280575,0.980701754385965,0.9833948339483395
0.8188188188188188,0.9885733680280575,0.980701754385965,0.9833948339483395
0.8198198198198198,0.9885733680280575,0.980701754385965,0.9833948339483395
0.8208208208208209,0.9885733680280575,0.980701754385965,0.9833948339483395
0.8218218218218218,0.9884771802982377,0.980701754385965,0.9833948339483395
0.8228228228228228,0.9884165542060279,0.980701754385965,0.9833948339483395
0.8238238238238238,0.9884165542060279,0.980701754385965,0.9833948339483395
0.8248248248248248,0.9884165542060279,0.980701754385965,0.9833948339483395
0.8258258258258259,0.9884165542060279,0.980701754385965,0.9833948339483395
0.8268268268268268,0.9883303411131059,0.980701754385965,0.9833948339483395
0.8278278278278278,0.9883303411131059,0.9802575107296138,0.9833948339483395
0.8288288288288288,0.9881205872464418,0.9802575107296138,0.9833948339483395
0.8298298298298298,0.9878280290340592,0.9802575107296138,0.9833948339483395
0.8308308308308309,0.9878280290340592,0.9802575107296138,0.9833948339483395
0.8318318318318318,0.9877327980372477,0.9802575107296138,0.9833948339483395
0.8328328328328328,0.9876433262829789,0.9802575107296138,0.9833948339483395
0.8338338338338338,0.9876433262829789,0.9802575107296138,0.9833948339483395
0.8348348348348348,0.9874402578637324,0.9802575107296138,0.9833948339483395
0.8358358358358359,0.9873403664630761,0.9802575107296138,0.9833948339483395
0.8368368368368369,0.987145390070922,0.9802575107296138,0.9833948339483395
0.8378378378378378,0.9870818151705862,0.9802575107296138,0.9833948339483395
0.8388388388388388,0.9870818151705862,0.9802575107296138,0.9833948339483395
0.8398398398398398,0.9870818151705862,0.9802575107296138,0.9833948339483395
0.8408408408408409,0.986981465136805,0.9802575107296138,0.9833948339483395
0.8418418418418419,0.9868986017835517,0.9802575107296138,0.9833948339483395
0.8428428428428428,0.9868986017835517,0.9802575107296138,0.9833948339483395
0.8438438438438438,0.9863781171042514,0.9802575107296138,0.9833948339483395
0.8448448448448448,0.9860669226549643,0.9802575107296138,0.9833948339483395
0.8458458458458459,0.9859910255007114,0.9794871794871794,0.9833948339483395
0.8468468468468469,0.9859910255007114,0.9794871794871794,0.9833948339483395
0.8478478478478478,0.9856877526494046,0.9794871794871794,0.9833948339483395
0.8488488488488488,0.9855009266325084,0.9779474130619169,0.9833948339483395
0.8498498498498498,0.9855009266325084,0.9779474130619169,0.9833948339483395
0.8508508508508509,0.9850973566844338,0.9779474130619169,0.9833948339483395
0.8518518518518519,0.9847974807253773,0.9779474130619169,0.9833948339483395
0.8528528528528528,0.9846938775510204,0.9779474130619169,0.9833948339483395
0.8538538538538538,0.9845171069727154,0.9773109243697479,0.9833948339483395
0.8548548548548548,0.9845171069727154,0.9773109243697479,0.9833948339483395
0.8558558558558559,0.9843344857389801,0.9773109243697479,0.9833948339483395
0.8568568568568569,0.9842604570935748,0.9773109243697479,0.9833948339483395
0.8578578578578578,0.9842604570935748,0.9773109243697479,0.9833948339483395
0.8588588588588588,0.9841782370035518,0.9773109243697479,0.9833948339483395
0.8598598598598598,0.984094572810317,0.9773109243697479,0.9833948339483395
0.8608608608608609,0.984094572810317,0.9766666666666667,0.9833948339483395
0.8618618618618619,0.9835977701543739,0.9766666666666667,0.9833948339483395
0.8628628628628628,0.9833958221746116,0.9766666666666667,0.9833948339483395
0.8638638638638638,0.9832067600812922,0.9766666666666667,0.9817518248175182
0.8648648648648649,0.9831250667521093,0.9766666666666667,0.9817518248175182
0.8658658658658659,0.9828394798550416,0.9766666666666667,0.9817518248175182
0.8668668668668669,0.9828394798550416,0.9766666666666667,0.9817518248175182
0.8678678678678678,0.98276045546451,0.9760132340777502,0.9817518248175182
0.8688688688688688,0.9826780021253985,0.9760132340777502,0.9817518248175182
0.8698698698698699,0.9824803567636441,0.9760132340777502,0.9817518248175182
0.8708708708708709,0.9822980708077168,0.9760132340777502,0.9817518248175182
0.8718718718718719,0.9821050402371876,0.9760132340777502,0.9817518248175182
0.8728728728728729,0.9819258006553219,0.9760132340777502,0.9800362976406534
0.8738738738738738,0.9815342407935,0.9753896636587367,0.9800362976406534
0.8748748748748749,0.9813369886123998,0.9753896636587367,0.9800362976406534
0.8758758758758759,0.9810486418193304,0.9753896636587367,0.978494623655914
0.8768768768768769,0.9809913883637891,0.9753896636587367,0.978494623655914
0.8778778778778779,0.9809913883637891,0.9753896636587367,0.978494623655914
0.8788788788788788,0.9807994963802329,0.9753896636587367,0.978494623655914
0.8798798798798799,0.980310012568077,0.9753896636587367,0.978494623655914
0.8808808808808809,0.9801234438748823,0.9731270358306189,0.978494623655914
0.8818818818818819,0.9796557120500783,0.9731270358306189,0.978494623655914
0.8828828828828829,0.9796557120500783,0.9731270358306189,0.978494623655914
0.8838838838838838,0.9792708333333333,0.9731270358306189,0.978494623655914
0.8848848848848849,0.9787875636893002,0.9724919093851133,0.978494623655914
0.8858858858858859,0.9781006746237675,0.9724919093851133,0.9768683274021353
0.8868868868868869,0.9776212184003316,0.9724919093851133,0.9768683274021353
0.8878878878878879,0.9771316225165563,0.9724919093851133,0.9768683274021353
0.8888888888888888,0.9768571133381547,0.9724919093851133,0.9768683274021353
0.8898898898898899,0.9766769865841073,0.9717285945072698,0.9752212389380531
0.8908908908908909,0.9760016479555051,0.9702572347266881,0.9752212389380531
0.8918918918918919,0.975752594266927,0.9702572347266881,0.9752212389380531
0.8928928928928929,0.975752594266927,0.9702572347266881,0.9752212389380531
0.8938938938938938,0.9754821501846532,0.9697211155378486,0.9736842105263158
0.8948948948948949,0.9753073770491804,0.9697211155378486,0.9736842105263158
0.8958958958958959,0.9749309321600328,0.9697211155378486,0.9736842105263158
0.8968968968968969,0.9746757888287553,0.9697211155378486,0.9736842105263158
0.8978978978978979,0.9743929810242807,0.9697211155378486,0.9736842105263158
0.8988988988988988,0.9742257538712307,0.9697211155378486,0.9736842105263158
0.8998998998998999,0.9737591537835639,0.9697211155378486,0.972027972027972
0.9009009009009009,0.9731979695431472,0.969047619047619,0.972027972027972
0.9019019019019019,0.9729318734793188,0.969047619047619,0.96875
0.9029029029029029,0.9723572296476306,0.969047619047619,0.96875
0.9039039039039038,0.9715065171264019,0.966824644549763,0.96875
0.9049049049049049,0.9711402623612513,0.966824644549763,0.9654576856649395
0.9059059059059059,0.9700996677740864,0.966824644549763,0.9654576856649395
0.9069069069069069,0.9695416164053076,0.964594807238395,0.9621993127147767
0.9079079079079079,0.9690918213748119,0.9638648860958366,0.9577702702702703
0.9089089089089089,0.9686372745490982,0.9631372549019608,0.9577702702702703
0.9099099099099099,0.9681936387277456,0.9601873536299765,0.9577702702702703
0.9109109109109109,0.9678321678321679,0.9595330739299611,0.9577702702702703
0.9119119119119119,0.9670954232725097,0.9595330739299611,0.9577702702702703
0.9129129129129129,0.9664576490494675,0.9581070597362297,0.9577702702702703
0.9139139139139139,0.9660174880763116,0.9581070597362297,0.9577702702702703
0.914914914914915,0.9657602223104407,0.9559505409582689,0.9577702702702703
0.9159159159159159,0.9652199762187872,0.9552469135802469,0.9577702702702703
0.9169169169169169,0.9645895153313551,0.9545804464973057,0.9577702702702703
0.9179179179179179,0.9632041037782382,0.9531490015360983,0.9577702702702703
0.9189189189189189,0.9620041342651836,0.9524539877300614,0.9577702702702703
0.91991991991992,0.9611001964636542,0.9510328997704667,0.9548494983277592
0.9209209209209209,0.9604824475387331,0.9504573170731707,0.9548494983277592
0.9219219219219219,0.9598904324007044,0.9504573170731707,0.9548494983277592
0.9229229229229229,0.9595347473365262,0.9504573170731707,0.9548494983277592
0.9239239239239239,0.9590083935194222,0.9483675018982536,0.9548494983277592
0.924924924924925,0.9580249318270354,0.9455370650529501,0.9548494983277592
0.9259259259259259,0.9568848320062148,0.9449056603773585,0.9517470881863561
0.9269269269269269,0.9567158385093167,0.9435240963855421,0.9517470881863561
0.9279279279279279,0.9561131563650456,0.9421487603305785,0.9502487562189055
0.9289289289289289,0.9553321086725322,0.9394166043380703,0.9456342668863262
0.92992992992993,0.9534412955465587,0.9380597014925374,0.9456342668863262
0.9309309309309309,0.9522939309416177,0.9360119047619048,0.9411764705882353
0.9319319319319319,0.9500623023099779,0.9292035398230089,0.9411764705882353
0.9329329329329329,0.9487473704341174,0.9231332357247438,0.9411764705882353
0.933933933933934,0.9470823798627003,0.9178181818181819,0.9398373983739837
0.934934934934935,0.944977667965409,0.9100071994240461,0.9398373983739837
0.9359359359359359,0.9433282789992419,0.9061604584527221,0.9398373983739837
0.9369369369369369,0.9417824402230413,0.9055793991416309,0.9353796445880452
0.9379379379379379,0.9400621996041844,0.9031339031339032,0.9353796445880452
0.938938938938939,0.9390633816061689,0.9025604551920341,0.9339774557165862
0.93993993993994,0.9380746856821167,0.8975265017667845,0.9339774557165862
0.9409409409409409,0.936458918210743,0.8871866295264624,0.9313099041533547
0.9419419419419419,0.9348637551325122,0.8871866295264624,0.9313099041533547
0.9429429429429429,0.9315437488389374,0.8871866295264624,0.9313099041533547
0.943943943943944,0.9298814375694702,0.8818244644091223,0.9313099041533547
0.944944944944945,0.9270362512683332,0.8770604395604396,0.9301587301587302
0.9459459459459459,0.9237902855568818,0.8700680272108844,0.9301587301587302
0.9469469469469469,0.921156132808927,0.8338762214983714,0.9301587301587302
0.9479479479479479,0.9183822189834214,0.8334417696811971,0.9301587301587302
0.948948948948949,0.9146352514725872,0.7914867365823566,0.9301587301587302
0.94994994994995,0.9092790927909279,0.7862829148805879,0.9261006289308176
0.950950950950951,0.9044084771528212,0.7783161720169595,0.9261006289308176
0.9519519519519519,0.9,0.7743682310469314,0.9261006289308176
0.9529529529529529,0.8970705372156828,0.7721822541966427,0.9261006289308176
0.953953953953954,0.8926623262361428,0.7564553990610329,0.9261006289308176
0.954954954954955,0.8892391209176079,0.6776902887139108,0.9247648902821317
0.955955955955956,0.8843176480821083,0.6715176715176715,0.9247648902821317
0.9569569569569569,0.8811358323954636,0.6706431535269709,0.9222395023328149
0.9579579579579579,0.8730077120822622,0.6641025641025641,0.9222395023328149
0.958958958958959,0.8673356577940301,0.6625766871165644,0.9222395023328149
0.95995995995996,0.8603690907558776,0.6534005037783376,0.9222395023328149
0.960960960960961,0.8531596961349027,0.6367647058823529,0.9222395023328149
0.9619619619619619,0.8424736495388669,0.5832211754149843,0.9180834621329211
0.9629629629629629,0.8347188264058679,0.577965348733896,0.9167950693374423
0.963963963963964,0.8250442620312248,0.5652928416485901,0.9167950693374423
0.964964964964965,0.8147824706255954,0.5497470489038786,0.9155145929339478
0.965965965965966,0.8052355200250804,0.41765270227054685,0.9100609756097561
0.9669669669669669,0.7991452991452992,0.41664010200828816,0.9100609756097561
0.9679679679679679,0.7858178764979773,0.39291078401922497,0.896551724137931
0.968968968968969,0.774812030075188,0.31131178707224333,0.896551724137931
0.96996996996997,0.7553082442524528,0.3103693181818182,0.883480825958702
0.970970970970971,0.741882183908046,0.30805353369335525,0.8695652173913043
0.9719719719719719,0.7307882644043832,0.26427996781979085,0.8695652173913043
0.9729729729729729,0.7120836774015965,0.222768084025072,0.8684971098265896
0.973973973973974,0.7015440877691995,0.21377517868745938,0.8684971098265896
0.974974974974975,0.6758571242341286,0.2007921998781231,0.8587731811697575
0.975975975975976,0.6605154311167675,0.19491650657603074,0.8469101123595506
0.9769769769769769,0.6370938074800736,0.18752663730643557,0.8469101123595506
0.9779779779779779,0.6237855343648795,0.17058064516129032,0.8447552447552448
0.978978978978979,0.6012936012936013,0.16030534351145037,0.8045212765957447
0.97997997997998,0.5814783821478382,0.1593836523413988,0.8045212765957447
0.980980980980981,0.551019330305271,0.1399472295514512,0.8005284015852048
0.9819819819819819,0.5216783216783217,0.13455688501318191,0.8005284015852048
0.9829829829829829,0.4980231505740009,0.12366241741881455,0.7934640522875817
0.983983983983984,0.486404833836858,0.11963659260591886,0.7405602923264312
0.984984984984985,0.4376853979527888,0.11306298818399452,0.7405602923264312
0.985985985985986,0.40929669815002734,0.10552545563839505,0.7302158273381295
0.986986986986987,0.38454775250027473,0.09798792309279558,0.7302158273381295
0.9879879879879879,0.331002331002331,0.09045039054719611,0.6601731601731602
0.988988988988989,0.3100825471698113,0.08291285800159581,0.6279547790339157
0.98998998998999,0.27395014830618725,0.07537532545599634,0.6279547790339157
0.990990990990991,0.24475231121173557,0.06783779291039688,0.5994123408423114
0.991991991991992,0.21755760996598786,0.060300260364797416,0.5321180555555556
0.992992992992993,0.19036290872023712,0.05276272781919711,0.5321180555555556
0.993993993993994,0.1631682074744894,0.04522519527359764,0.4789391575663027
0.994994994994995,0.13597350622874166,0.03768766272799817,0.4789391575663027
0.995995995995996,0.10877880498299392,0.030150130182398704,0.46875
0.996996996996997,0.0815841037372462,0.02261259763679925,0.21267347975074805
0.997997997997998,0.05438940249149546,0.015075065091198936,0.1417823198338268
0.998998998998999,0.027194701245747716,0.007537532545599468,0.07089115991691342
1.0,0.0,0.0,0.0
