confidence,person_precision,people_precision,cyclist_precision
0.0,0.20221520395000223,0.10230607966457023,0.23787528868360278
0.001001001001001001,0.20231177671330958,0.10232375479338765,0.2378939204687596
0.002002002002002002,0.27296506898562745,0.15254792675594064,0.3219654129783
0.003003003003003003,0.3228811912191746,0.19379151095286026,0.3785795761872995
0.004004004004004004,0.36009726139169385,0.2290633386647299,0.42763774784248043
0.005005005005005005,0.39175336558725343,0.26030389428967915,0.4552131676439003
0.006006006006006006,0.41712876850213115,0.28630511720255797,0.4863215258419787
0.007007007007007007,0.4385179443679411,0.30935165766769984,0.5089572004006266
0.008008008008008008,0.45693088731605885,0.3368644259858543,0.5329968883863221
0.009009009009009009,0.47445151308127104,0.35577714326419335,0.5469106882991135
0.01001001001001001,0.4906987485445306,0.37291567834156586,0.5614071651155583
0.011011011011011011,0.5049850651081776,0.39088365031476113,0.5769429836264647
0.012012012012012012,0.5182165043827613,0.40326505882833646,0.5885186502871399
0.013013013013013013,0.5295406360779087,0.4167642802660009,0.6000661229196432
0.014014014014014014,0.5396705582172348,0.42803912202138317,0.6111829140425507
0.015015015015015015,0.5486506919809715,0.4407767946400335,0.6169732551581154
0.016016016016016016,0.5580067769833148,0.4505117254359648,0.6286855036830195
0.017017017017017015,0.5668451917540741,0.4619754598783704,0.6329207925030873
0.018018018018018018,0.5746173700580647,0.4696955193269234,0.6352347954710482
0.01901901901901902,0.5827732298796772,0.47999542731973294,0.6362785667947528
0.02002002002002002,0.5898730751250024,0.4892792940736859,0.6403115324477793
0.02102102102102102,0.5967093507528333,0.4990798194935018,0.6461260473719903
0.022022022022022022,0.6038205922737161,0.5065781964625452,0.6538799570377335
0.023023023023023025,0.6102049204563268,0.5152657333544612,0.6585633205646058
0.024024024024024024,0.6154035071524347,0.5215743193624391,0.663617753526538
0.025025025025025023,0.6216922292033976,0.5277796899463829,0.6661079828747413
0.026026026026026026,0.6268721270612931,0.5329329276428523,0.668713878363366
0.02702702702702703,0.6309152202973896,0.5409561243075607,0.675721276098732
0.028028028028028028,0.635649655484119,0.5463872164095837,0.6805325160002297
0.029029029029029027,0.6411111666414333,0.5518208730852971,0.6915445504186993
0.03003003003003003,0.6456771269982705,0.5614516555206307,0.6923483246213251
0.031031031031031032,0.6513191616039465,0.5684066392178687,0.6935313650311179
0.03203203203203203,0.656772203244669,0.5717002654641464,0.6966667098458709
0.03303303303303303,0.6617601895618116,0.5766577907609036,0.6988161352015057
0.03403403403403403,0.6662215945323352,0.5825672206712035,0.7008545745680714
0.035035035035035036,0.6707101314857554,0.5866931274842632,0.7015138278040887
0.036036036036036036,0.6748481955541649,0.5915913376431507,0.7021328421911301
0.037037037037037035,0.6792201940183182,0.5945929512318344,0.7022133466241272
0.03803803803803804,0.6833062108758309,0.5982625945199674,0.7056543613569388
0.03903903903903904,0.6872278530676575,0.6029356421527865,0.7087019942705272
0.04004004004004004,0.6912362586001165,0.6055940828223768,0.7122504637629749
0.04104104104104104,0.6963014155633842,0.6108180751089575,0.7142116162205022
0.04204204204204204,0.7000452880860111,0.614867860155271,0.7186592234095333
0.043043043043043044,0.7040100538743834,0.6188525633428488,0.7234445996265232
0.044044044044044044,0.706686107806854,0.6212338435765886,0.7243691870732787
0.04504504504504504,0.7097974848127687,0.6245056248232043,0.7252672172336042
0.04604604604604605,0.7128692681543853,0.6278671766635247,0.7260517260764103
0.04704704704704705,0.7160455961126866,0.6308997344947858,0.7268362349192165
0.04804804804804805,0.7190026593834896,0.633224951251789,0.7285530717894321
0.04904904904904905,0.7222384501274028,0.638704501165097,0.7317639460572304
0.050050050050050046,0.7251891105095463,0.6444372629334728,0.7363900684221373
0.05105105105105105,0.7273814824387739,0.6469463433247719,0.7387760653946219
0.05205205205205205,0.7309607658796538,0.6498608482486862,0.739366518374942
0.05305305305305305,0.733766779482735,0.651753256677611,0.7399569713552621
0.05405405405405406,0.7372612627628697,0.6561924933096919,0.740785570306204
0.055055055055055056,0.7391700946045123,0.6572553300924366,0.7419249489214992
0.056056056056056056,0.7416459812105054,0.6608949308655842,0.7437928411820323
0.057057057057057055,0.7448737500696704,0.6634001011665597,0.7470842876787338
0.058058058058058054,0.7469351846062292,0.6669472588733466,0.753243722637871
0.05905905905905906,0.7490493641272721,0.6682007727336979,0.7576961175057028
0.06006006006006006,0.7508425278976579,0.669419572346635,0.7645217916794907
0.06106106106106106,0.7523837320010507,0.6717831288214976,0.7659818327563486
0.062062062062062065,0.7542156123837268,0.6744410373040632,0.7670405820253745
0.06306306306306306,0.7560519337759175,0.6760487908826674,0.768569818445193
0.06406406406406406,0.7583068172164303,0.6790173818775749,0.7700866586484834
0.06506506506506507,0.7598784525705465,0.6812935680649426,0.7709657612989946
0.06606606606606606,0.7622070299834526,0.683557583198757,0.7736929788851455
0.06706706706706707,0.7639893182518922,0.6846649997114738,0.7747854969826397
0.06806806806806806,0.7657458884536791,0.6869390222258906,0.7757069723036191
0.06906906906906907,0.7673506991944762,0.6906665546153852,0.7762914378155474
0.07007007007007007,0.7691547062815968,0.6916379294304696,0.7768759033274758
0.07107107107107107,0.7725611930765623,0.6932725528047337,0.7774603688394042
0.07207207207207207,0.7738503723613861,0.6953728945703407,0.7780655549481632
0.07307307307307308,0.7755462845089635,0.6960625586189875,0.7786719904426569
0.07407407407407407,0.7770912767052363,0.6966087061011417,0.7792784259371506
0.07507507507507508,0.7795367266333701,0.6991059590313682,0.7799125292960856
0.07607607607607608,0.7805242581579057,0.7007293097804977,0.7805611562334839
0.07707707707707707,0.7829411383953474,0.702700850032721,0.7812097831708822
0.07807807807807808,0.7841161415879753,0.7041525787537259,0.7836904161838983
0.07907907907907907,0.7857734361511267,0.7054756054930862,0.7843303307333593
0.08008008008008008,0.7872745694143337,0.7080907677762577,0.7849702452828204
0.08108108108108109,0.788685421297623,0.7098613779627536,0.7860438432908226
0.08208208208208208,0.7909236605278207,0.7113699032605005,0.788308503261137
0.08308308308308308,0.7918579576762009,0.713350682869132,0.7894925799596763
0.08408408408408408,0.7932246572836087,0.7167152658729452,0.7938396729621946
0.08508508508508508,0.7941523877351354,0.7172952988629925,0.7956253364702984
0.08608608608608609,0.7957871155645698,0.7208579203271646,0.800442465859078
0.08708708708708708,0.7972920661195274,0.7250302753556606,0.8011824919046175
0.08808808808808809,0.7985284304913837,0.7264452269101505,0.8019225179501571
0.0890890890890891,0.7994690228962473,0.7276463478510241,0.8078825168887659
0.09009009009009009,0.8009672203817587,0.7283918520681689,0.8087667358686464
0.09109109109109109,0.8023624181377004,0.7303498541253368,0.8090490025783766
0.0920920920920921,0.80409649273599,0.7324539325657872,0.8093312692881068
0.09309309309309309,0.8060175830594973,0.7335691205136461,0.809613535997837
0.0940940940940941,0.8071707614690543,0.7346230221394461,0.8098958027075672
0.09509509509509509,0.8086649804097016,0.737346549395773,0.8101780694172974
0.0960960960960961,0.8099313208776677,0.7381933817249251,0.8104603361270276
0.0970970970970971,0.8112870094119273,0.7397936553256417,0.8112614096618531
0.0980980980980981,0.8125456333238309,0.7432392679831423,0.8128910568384466
0.0990990990990991,0.8132023303026646,0.7452707321960256,0.813088006967699
0.10010010010010009,0.8144045210444649,0.7482118401105134,0.8132849570969514
0.1011011011011011,0.8162946308010726,0.7503254923748071,0.8134819072262037
0.1021021021021021,0.8179416428836045,0.7509163618709221,0.8136788573554561
0.1031031031031031,0.8191386710395898,0.7525566081978882,0.8138758074847084
0.1041041041041041,0.8204799926678991,0.7561835758078504,0.8140727576139608
0.10510510510510511,0.8214333945814952,0.7589036920741866,0.8142697077432132
0.1061061061061061,0.8227905329499728,0.7593711545944467,0.8144666578724655
0.10710710710710711,0.8240585640696854,0.75904702256089,0.8146636080017178
0.10810810810810811,0.8249217243291683,0.7594513513589919,0.8148605581309701
0.1091091091091091,0.8259483241064643,0.7601252016074034,0.8152785388725183
0.11011011011011011,0.82716292304145,0.760936387418042,0.8164625324864431
0.1111111111111111,0.8282958009153722,0.7623470002045646,0.8175263307738567
0.11211211211211211,0.829574294198574,0.7639886464100942,0.8183885187663539
0.11311311311311312,0.8303665380492259,0.7649755632037261,0.8192507067588511
0.11411411411411411,0.8317354317020981,0.7655334429147295,0.8198270178044653
0.11511511511511512,0.8327681041910303,0.7684882774875778,0.8203400283962234
0.11611611611611611,0.8339348242857114,0.769533413007134,0.8208530389879816
0.11711711711711711,0.8349422814598153,0.7713503449874796,0.8213660495797397
0.11811811811811812,0.8365475629744302,0.773786229043629,0.8233405538637796
0.11911911911911911,0.8377880565698144,0.7755116286325969,0.8282730699876985
0.12012012012012012,0.8389898425539997,0.7777820686943586,0.8287329456618747
0.12112112112112113,0.8400337466161707,0.7781641177624731,0.829136660169222
0.12212212212212212,0.8406810654219978,0.7825349255899609,0.8295403746765693
0.12312312312312312,0.8418112495597849,0.7829350045114767,0.8299440891839166
0.12412412412412413,0.8425114268383194,0.7833350834329925,0.8303478036912639
0.12512512512512514,0.8434789195877356,0.7855265495927117,0.8307431818328728
0.12612612612612611,0.8442953343258962,0.7869499943415986,0.8311245230311248
0.12712712712712712,0.8458435651700561,0.787607877498497,0.8315058642293769
0.12812812812812813,0.8472891402344441,0.7879589555194543,0.831887205427629
0.12912912912912913,0.8487091902729123,0.787673054348081,0.832268546625881
0.13013013013013014,0.8503900251079336,0.7890307021679351,0.8326498878241331
0.13113113113113112,0.8516050662328356,0.7890839983213993,0.8330373321460384
0.13213213213213212,0.8522283735810267,0.7898659987633876,0.8334337356164145
0.13313313313313313,0.8534891944852261,0.7928107458239995,0.8338301390867907
0.13413413413413414,0.8547879427888192,0.7935110283343548,0.8342265425571669
0.13513513513513514,0.8558294574859738,0.7945793351157592,0.834622946027543
0.13613613613613612,0.8567180007986863,0.7954857112768589,0.8350193494979191
0.13713713713713713,0.8577412300021788,0.7973308506224931,0.8360670054095236
0.13813813813813813,0.8578757121056926,0.7977361853391552,0.8375574486112269
0.13913913913913914,0.8590023785862623,0.7981415200558175,0.8410731830019222
0.14014014014014015,0.8601696876306765,0.7989848808465646,0.8423783427854589
0.14114114114114115,0.8606269910501173,0.7996459181052276,0.8428627397921087
0.14214214214214213,0.8613858282987119,0.8004162971337172,0.8433471367987585
0.14314314314314314,0.8622280984449375,0.8012222471759923,0.8438315338054083
0.14414414414414414,0.8633993724014584,0.8020224776542015,0.8443159308120581
0.14514514514514515,0.8646083405236246,0.8058020031502767,0.8443513673165493
0.14614614614614616,0.8652171072532617,0.8075055725019645,0.844224678953449
0.14714714714714713,0.8667626787431411,0.8077992092742639,0.8440979905903488
0.14814814814814814,0.867905883547543,0.8080928460465631,0.844236594429791
0.14914914914914915,0.8691134295298386,0.8083864828188624,0.8449535198943933
0.15015015015015015,0.8698817117758397,0.809910300492774,0.8456704453589955
0.15115115115115116,0.8710278277207828,0.812254057027222,0.846411125221686
0.15215215215215216,0.8714932728721041,0.8125755759832646,0.8480409135943991
0.15315315315315314,0.8721980188058971,0.8128970949393072,0.848654704160081
0.15415415415415415,0.8735402173825955,0.8134159813221417,0.8485063026237347
0.15515515515515516,0.8742851315554816,0.8140502770782144,0.8483579010873883
0.15615615615615616,0.8755014855826713,0.813917346512675,0.8487195441195844
0.15715715715715717,0.8768864847705841,0.815997545542671,0.8492912778774495
0.15815815815815815,0.8775935940723816,0.8174954684301173,0.8498630116353146
0.15915915915915915,0.8782000456854904,0.8182884424758329,0.8504347453931798
0.16016016016016016,0.8788273307714408,0.8189921709356783,0.8511951309228238
0.16116116116116116,0.8797876919457501,0.8198169648681376,0.852123712425161
0.16216216216216217,0.8811912189074039,0.8206119302863054,0.8530522939274983
0.16316316316316315,0.882073018705401,0.8220106545606785,0.8542338705168002
0.16416416416416416,0.8828855257315505,0.8230618391375752,0.8554313910865708
0.16516516516516516,0.8840698273711515,0.824747080907592,0.8567938107058524
0.16616616616616617,0.8852995571277721,0.825178774049237,0.8580530367883817
0.16716716716716717,0.8855535617276106,0.825701853554164,0.8586819797564893
0.16816816816816815,0.8862360741505928,0.8268277855440233,0.8593109227245967
0.16916916916916916,0.8873955095367511,0.8275620792831598,0.8599398656927043
0.17017017017017017,0.8883373521828013,0.8280899856954108,0.8605837503624366
0.17117117117117117,0.8890613442598068,0.8286793113226645,0.8612679894427876
0.17217217217217218,0.8893700530663127,0.8307891508090068,0.8619522285231386
0.17317317317317318,0.8904940989913552,0.8316711483028287,0.8626364676034897
0.17417417417417416,0.8915090141149117,0.8318482775637448,0.8641688087980729
0.17517517517517517,0.8923045629686968,0.8320254068246609,0.8658598394614682
0.17617617617617617,0.8929498163530413,0.8322025360855769,0.8671840497522515
0.17717717717717718,0.8933027890640283,0.832379665346493,0.8703342268655999
0.1781781781781782,0.8937914685035306,0.8331777811032833,0.8706336608577276
0.17917917917917917,0.8941918724427356,0.8347045949653238,0.8709330948498554
0.18018018018018017,0.8954001714862598,0.8354240303009925,0.871232528841983
0.18118118118118118,0.8957224116614251,0.8361470389607218,0.8715319628341107
0.18218218218218218,0.896474636252043,0.837214840975309,0.8718313968262384
0.1831831831831832,0.8969960374349799,0.8385011557588592,0.8721308308183662
0.1841841841841842,0.8976543582512825,0.8387584521634772,0.8724302648104938
0.18518518518518517,0.8981754692713289,0.8390157485680951,0.8727296988026215
0.18618618618618618,0.8986634660925925,0.8392730449727132,0.8730862791042495
0.1871871871871872,0.8991870438064828,0.8392456519588637,0.8734726784324
0.1881881881881882,0.8996491987440018,0.839889595409414,0.8738590777605504
0.1891891891891892,0.9003605092112604,0.8424593219582245,0.8742454770887008
0.19019019019019018,0.9006707887454953,0.8432874438219435,0.8746318764168513
0.19119119119119118,0.9016197609252203,0.844627731725462,0.8750182757450017
0.1921921921921922,0.9025032744420511,0.8453318478541687,0.8754206026381709
0.1931931931931932,0.9044591916129253,0.8457147816458841,0.8759523029066675
0.1941941941941942,0.9051788767523691,0.8459219756930098,0.8764840031751642
0.19519519519519518,0.9054107151789638,0.8477934283256986,0.8770157034436608
0.1961961961961962,0.9056981460530892,0.8483930016558767,0.8775474037121574
0.1971971971971972,0.9060855993585702,0.8488566903259878,0.8780227015028477
0.1981981981981982,0.9060834830627774,0.8495944555164695,0.8783801747680596
0.1991991991991992,0.9063502901964993,0.8502654424932289,0.8787376480332716
0.20020020020020018,0.9076082583892366,0.8507035191307564,0.8790951212984834
0.2012012012012012,0.908063276859185,0.8512325822755286,0.8794525945636954
0.2022022022022022,0.9086866134315582,0.8537815064199054,0.8798100678289072
0.2032032032032032,0.9093033987927612,0.8545570368217882,0.8801675410941192
0.2042042042042042,0.9102078431332943,0.8550261269763997,0.8805318426719232
0.20520520520520522,0.9107024277089502,0.856122803745991,0.8809310114182954
0.2062062062062062,0.9112451294350615,0.857280012008238,0.8813301801646676
0.2072072072072072,0.9118583891304188,0.8574853674341724,0.8817293489110398
0.2082082082082082,0.912044049606541,0.8574663896881183,0.882128517657412
0.2092092092092092,0.9122304143036373,0.8574474119420642,0.8825276864037842
0.21021021021021022,0.912802077161409,0.8574284341960102,0.8829268551501563
0.2112112112112112,0.9130164915656687,0.8574094564499561,0.8866748962133806
0.2122122122122122,0.913328323490957,0.8573904787039022,0.8883331544880995
0.2132132132132132,0.9137408798432145,0.8573715009578481,0.888715879523444
0.21421421421421422,0.9139806268227182,0.857352523211794,0.8890986045587885
0.21521521521521522,0.9145683536454332,0.85733354546574,0.889481329594133
0.21621621621621623,0.9151707734441135,0.8572602079449665,0.8898640546294775
0.2172172172172172,0.9164612084830389,0.858240112979458,0.8902467796648219
0.2182182182182182,0.9171374812585812,0.8594904832988315,0.8906295047001664
0.21921921921921922,0.9172883307869081,0.8601125242553199,0.8915373719495728
0.22022022022022023,0.9180400597687638,0.861659071466901,0.8932021143138769
0.22122122122122123,0.9190266176041917,0.8621821067723419,0.8941337693648523
0.2222222222222222,0.9190023602491919,0.8629344428280066,0.8949114195218211
0.22322322322322322,0.9193148707223826,0.8637457000718574,0.8956890696787898
0.22422422422422422,0.919678235234666,0.8639871546209549,0.8962458560035298
0.22522522522522523,0.919938290362098,0.8642286091700524,0.8964938672759649
0.22622622622622623,0.920694737905423,0.8644700637191498,0.8967418785484
0.2272272272272272,0.9210689808028111,0.8647115182682473,0.8969898898208352
0.22822822822822822,0.9215515245924133,0.8670969796024389,0.8972379010932703
0.22922922922922923,0.9218655790748502,0.8678601814412916,0.8974859123657054
0.23023023023023023,0.9220396324204192,0.8692655120247106,0.8977339236381405
0.23123123123123124,0.9225314782582928,0.870031666689029,0.8979819349105757
0.23223223223223222,0.9231448769248126,0.8704181607479913,0.8982299461830108
0.23323323323323322,0.9233133012289291,0.8706729375507235,0.8984779574554459
0.23423423423423423,0.9237950290028109,0.8709277143534557,0.898725968727881
0.23523523523523523,0.9239132436436845,0.8711824911561881,0.8989838745555296
0.23623623623623624,0.9243038328683044,0.8719889908439418,0.8992468074993039
0.23723723723723725,0.9249282591759205,0.8731364068078267,0.8995097404430781
0.23823823823823823,0.9253372525149369,0.8743684958491242,0.8997726733868523
0.23923923923923923,0.9256786745515141,0.8759751692438829,0.9000356063306264
0.24024024024024024,0.9258565928063316,0.876509439399656,0.9002985392744006
0.24124124124124124,0.9260090329023634,0.877324126325979,0.9005614722181748
0.24224224224224225,0.9263562111369881,0.8788009963545138,0.9008244051619491
0.24324324324324323,0.9268097036643298,0.8794158272722125,0.9010873381057232
0.24424424424424424,0.9270920064582729,0.8797546426937141,0.9013502710494974
0.24524524524524524,0.9275095533925738,0.8800934581152158,0.9032728746646066
0.24624624624624625,0.9276810675263424,0.880807074144388,0.9043145190153917
0.24724724724724725,0.9281006408845567,0.8813457171096857,0.9044755604372647
0.24824824824824826,0.9285749764190647,0.8824531187033335,0.9046366018591377
0.24924924924924924,0.9289519279227001,0.8833049273930901,0.9047976432810108
0.2502502502502503,0.9293222781581438,0.8847183029553326,0.9049586847028838
0.25125125125125125,0.9297040897636327,0.8854054862755636,0.9051197261247568
0.25225225225225223,0.9298018159001847,0.8852786628961509,0.9052807675466298
0.25325325325325326,0.9304589925512631,0.8856556944560381,0.9054418089685028
0.25425425425425424,0.9305530969781978,0.8860824316474397,0.9056028503903758
0.2552552552552553,0.9306472014051325,0.8868105182863993,0.9057638918122488
0.25625625625625625,0.931034448114744,0.8876495843394988,0.9059249332341218
0.25725725725725723,0.9311963411958698,0.8877630903283794,0.9060859746559948
0.25825825825825827,0.9315345751244765,0.8878765963172601,0.9062470160778678
0.25925925925925924,0.9320125931029127,0.8879901023061407,0.9064080574997408
0.2602602602602603,0.9320821653299298,0.8881036082950214,0.9065690989216139
0.26126126126126126,0.9321975842530074,0.8882171142839022,0.9067301403434869
0.26226226226226224,0.9321748250163352,0.8883306202727828,0.9068911817653599
0.26326326326326327,0.9325664622873597,0.8884441262616635,0.9096810968903112
0.26426426426426425,0.9326636910202848,0.8885576322505442,0.909955295975293
0.2652652652652653,0.9333354098463515,0.8886711382394248,0.9102294950602748
0.26626626626626626,0.9340650829330385,0.8890971949252907,0.9105036941452568
0.26726726726726724,0.9349331089038107,0.891105646183848,0.9107778932302386
0.2682682682682683,0.935099994001402,0.89137766586142,0.9110520923152204
0.26926926926926925,0.9353803259732395,0.891649685538992,0.9113262914002023
0.2702702702702703,0.9359338160727766,0.8919217052165641,0.9116004904851841
0.27127127127127126,0.936424960168343,0.8921937248941362,0.9118746895701659
0.27227227227227224,0.9367694673650404,0.8934068997613513,0.9121488886551478
0.2732732732732733,0.9370555339487415,0.8933818017830638,0.9124142709461589
0.27427427427427425,0.9373715518513794,0.8933567038047763,0.9126220185675995
0.2752752752752753,0.9376485961314716,0.8933316058264889,0.9128297661890401
0.27627627627627627,0.9379160786814316,0.8933065078482013,0.9130375138104807
0.2772772772772773,0.9381395578365385,0.8932814098699138,0.9132452614319213
0.2782782782782783,0.9382561616828486,0.8945141184864656,0.9134530090533619
0.27927927927927926,0.9384609101413234,0.8952068341833962,0.9136607566748024
0.2802802802802803,0.9386526670463209,0.8956107632328317,0.913868504296243
0.28128128128128127,0.9386959698224274,0.895530687623027,0.9140762519176836
0.2822822822822823,0.9388193723959359,0.8964003573236425,0.9142839995391242
0.2832832832832833,0.9393006592211159,0.896807377436619,0.9144917471605648
0.28428428428428426,0.9396964286884688,0.8969573111722023,0.9146994947820054
0.2852852852852853,0.9402468554090136,0.8971072449077858,0.914907242403446
0.2862862862862863,0.9405586372064537,0.8972571786433692,0.9151149900248866
0.2872872872872873,0.9408494288748254,0.8974071123789527,0.9149051870154458
0.2882882882882883,0.9412964804154869,0.897557046114536,0.9150566509271292
0.28928928928928926,0.9413735147482996,0.8977069798501195,0.9152262503392856
0.2902902902902903,0.9414505490811123,0.8978569135857029,0.9153958497514421
0.2912912912912913,0.9416639934667032,0.898968607814763,0.9155654491635985
0.2922922922922923,0.9423580504765812,0.8992784084359018,0.9157350485757549
0.2932932932932933,0.9424761749291553,0.8995882090570406,0.9159046479879114
0.29429429429429427,0.942886921764766,0.8998980096781795,0.9160742474000678
0.2952952952952953,0.9430612685357764,0.90011209135934,0.9162438468122243
0.2962962962962963,0.943656815843306,0.9009259701753308,0.9164134462243807
0.2972972972972973,0.9438545792845884,0.9019061377529713,0.9165830456365371
0.2982982982982983,0.9445123123518493,0.9033471525363038,0.9167526450486936
0.29929929929929927,0.9448851019102733,0.9038356985961064,0.91692224446085
0.3003003003003003,0.9452778652115084,0.9040961992932728,0.9170918438730065
0.3013013013013013,0.9453796640996642,0.9043566999904392,0.9172614432851629
0.3023023023023023,0.9454814629878201,0.9046172006876058,0.9174310426973193
0.3033033033033033,0.9456793882880253,0.9048180540758429,0.9176006421094758
0.30430430430430433,0.9460249379839776,0.904779537571283,0.9177756771504368
0.3053053053053053,0.9463248958442365,0.9047410210667232,0.9179558346877496
0.3063063063063063,0.9464528545800478,0.9047025045621634,0.9181359922250624
0.3073073073073073,0.9467075529111404,0.9061031542756218,0.9183161497623752
0.3083083083083083,0.9469592588919951,0.9065132472139182,0.9184963072996879
0.30930930930930933,0.9471982462865237,0.9069233401522148,0.9186764648370007
0.3103103103103103,0.9477517789746458,0.9074111474912082,0.9188566223743135
0.3113113113113113,0.948672135299741,0.9079804402354615,0.9190367799116262
0.3123123123123123,0.9489247193318199,0.9093341373506326,0.9192169374489391
0.3133133133133133,0.9494617130606439,0.9095237916958112,0.9193970949862519
0.31431431431431434,0.949571812750408,0.9094604805531176,0.9195772525235646
0.3153153153153153,0.9495607316128887,0.9093240775780156,0.9197574100608774
0.3163163163163163,0.9499517657752333,0.9093099531667648,0.9199375675981901
0.3173173173173173,0.9499620162134161,0.9092958287555138,0.9201177251355029
0.3183183183183183,0.9499572113149023,0.909281704344263,0.9202978826728158
0.31931931931931934,0.9502487505762682,0.9092675799330122,0.9204780402101286
0.3203203203203203,0.9504181704788751,0.9092534555217614,0.9204789896087913
0.3213213213213213,0.9514185775085809,0.9092393311105105,0.9204679956689678
0.32232232232232233,0.9515026083226966,0.9092252066992597,0.9204570017291442
0.3233233233233233,0.9515866391368123,0.9093038939743786,0.9204460077893207
0.32432432432432434,0.9518239153197654,0.9097253092606569,0.9204350138494973
0.3253253253253253,0.95201874763607,0.9101467245469351,0.9204240199096738
0.3263263263263263,0.9528918276013824,0.9108316606239979,0.9204130259698503
0.32732732732732733,0.9532914579966686,0.9116670023965111,0.9204020320300268
0.3283283283283283,0.9534829611710185,0.9116183169640996,0.9203910380902034
0.32932932932932935,0.9534787408230477,0.911569631531688,0.9203800441503799
0.3303303303303303,0.953474520475077,0.9119328765249501,0.9203690502105564
0.3313313313313313,0.9537234161161562,0.9123433285740727,0.9203580562707329
0.33233233233233234,0.9538972519680188,0.9127537806231953,0.9203470623309095
0.3333333333333333,0.9542068762610226,0.9142596946222564,0.920336068391086
0.33433433433433435,0.9547358744256425,0.9145929393784457,0.9203250744512624
0.3353353353353353,0.9549388803131508,0.9149261841346349,0.9203140805114389
0.3363363363363363,0.9549311810997269,0.9152594288908241,0.9203030865716154
0.33733733733733734,0.9551353614975837,0.9152292429774743,0.920292092631792
0.3383383383383383,0.9553297699627803,0.9153081235098257,0.9202810986919685
0.33933933933933935,0.9555572486793598,0.9155811602795152,0.920270104752145
0.34034034034034033,0.955752655084033,0.9158541970492047,0.9202591108123215
0.34134134134134136,0.9557453682544116,0.9161272338188943,0.9202481168724981
0.34234234234234234,0.9557262722365815,0.9164002705885838,0.9207558610710858
0.3433433433433433,0.9557061761778398,0.9176279676024242,0.9214339785265195
0.34434434434434436,0.9558512275020145,0.9174583937784512,0.9221120959819533
0.34534534534534533,0.9561854744223436,0.9174416544730495,0.9227902134373871
0.34634634634634637,0.956311920019571,0.9174249151676478,0.9241275072068776
0.34734734734734735,0.9567927553274226,0.9174081758622461,0.925925657114912
0.3483483483483483,0.9571390901872546,0.9173914365568444,0.9259031383508058
0.34934934934934936,0.9575687041300426,0.9173746972514427,0.9258806195866996
0.35035035035035034,0.9580384254763784,0.917357957946041,0.9258581008225935
0.35135135135135137,0.9583479143854572,0.9185423241735176,0.9258355820584873
0.35235235235235235,0.9584582479257024,0.9191945744125625,0.9258130632943811
0.3533533533533533,0.9584506685637477,0.9198023890035667,0.9257905445302749
0.35435435435435436,0.9584697730502891,0.9198706506386868,0.9257680257661687
0.35535535535535534,0.9585683850361284,0.9198486445361882,0.9257455070020625
0.3563563563563564,0.95865565203119,0.9198266384336896,0.9257229882379563
0.35735735735735735,0.9587568051480861,0.9198046323311911,0.9257004694738501
0.35835835835835833,0.9588579582649823,0.9197826262286926,0.9259289873670136
0.35935935935935936,0.9590693650467693,0.9197472314146649,0.9262096825551053
0.36036036036036034,0.9594273491904914,0.9197089289809316,0.9264903777431969
0.3613613613613614,0.9597021898197221,0.9196706265471984,0.9267710729312886
0.36236236236236236,0.9596912364829672,0.9196112943937899,0.9270517681193802
0.36336336336336333,0.9598966444830146,0.9196215424689681,0.9273324633074718
0.36436436436436437,0.9601091244208004,0.9202854335312883,0.9276131584955635
0.36536536536536535,0.9601680588772304,0.9208300717648933,0.9278938536836551
0.3663663663663664,0.9603038333942184,0.920811403753775,0.9281745488717468
0.36736736736736736,0.9602903894016991,0.9207927357426567,0.9284552440598384
0.3683683683683684,0.9604197769585948,0.9207740677315385,0.9313128480503027
0.36936936936936937,0.960503347107266,0.9207553997204202,0.931305956277611
0.37037037037037035,0.9604968766792548,0.920736731709302,0.9315169868744174
0.3713713713713714,0.9607190400047296,0.9207162073867013,0.9319228799228572
0.37237237237237236,0.9608256206883019,0.9206908274627423,0.9323287729712969
0.3733733733733734,0.9609205875639039,0.9206654475387833,0.9327346660197366
0.3743743743743744,0.9609113617188537,0.9206400676148242,0.9331405590681763
0.37537537537537535,0.9609056073017734,0.9206146876908652,0.933546452116616
0.3763763763763764,0.961103416958917,0.9205767636068303,0.9339523451650558
0.37737737737737737,0.9615892152853796,0.9205378392602426,0.9345243450148996
0.3783783783783784,0.9618347187724504,0.9214323129784193,0.935287043077621
0.3793793793793794,0.9619699100811804,0.9217777761542881,0.9360497411403425
0.38038038038038036,0.9622178366355595,0.9217675230720439,0.9368124392030638
0.3813813813813814,0.9624156451305227,0.9217572699897997,0.9374016568722722
0.38238238238238237,0.9626441174876917,0.9217470169075553,0.9378817667604821
0.3833833833833834,0.9628327310733261,0.9217367638253111,0.9383618766486919
0.3843843843843844,0.9628255370651891,0.9217265107430669,0.9388419865369018
0.38538538538538536,0.9628204420184424,0.9217162576608225,0.9393220964251117
0.3863863863863864,0.9628103483472709,0.9217060045785783,0.9398022063133215
0.38738738738738737,0.9628045992919207,0.9216957514963341,0.9403726845045547
0.3883883883883884,0.9633131555915001,0.9216854984140898,0.9410507041726635
0.3893893893893894,0.963455386090943,0.92167379927178,0.9417287238407723
0.39039039039039036,0.9635775510420003,0.9216587266502223,0.9424067435088811
0.3913913913913914,0.9637116492280869,0.9216436540286648,0.943051186655428
0.3923923923923924,0.9639485969128138,0.9216285814071071,0.9432426434887624
0.3933933933933934,0.9640859822868987,0.9216135087855496,0.9434341003220968
0.3943943943943944,0.9640739925762652,0.9215984361639921,0.9436255571554313
0.39539539539539537,0.9640645076399168,0.9215833635424344,0.9438170139887658
0.3963963963963964,0.9641065426663238,0.921568059016292,0.9440084708221003
0.3973973973973974,0.9642713672507219,0.921542599775503,0.9441999276554347
0.3983983983983984,0.9643378663056545,0.9215171405347139,0.9443913844887691
0.3993993993993994,0.9644267037071583,0.9214916812939249,0.9445828413221037
0.40040040040040037,0.9644863003863599,0.9214662220531358,0.9447742981554381
0.4014014014014014,0.9644771631049738,0.9223997711088068,0.9449657549887726
0.4024024024024024,0.9646906327849197,0.9240259672239376,0.945157211822107
0.4034034034034034,0.964686657729634,0.9239780261730396,0.9453486686554415
0.4044044044044044,0.9652757083086513,0.9240053100016086,0.945540125488776
0.40540540540540543,0.9655551008594809,0.9242229946192435,0.9457315823221104
0.4064064064064064,0.9655505066941142,0.9244406792368783,0.9459230391554448
0.4074074074074074,0.9656585086643731,0.9246583638545133,0.9461893258126254
0.4084084084084084,0.9661840730710435,0.9248760484721482,0.9465539148338927
0.4094094094094094,0.9662691003558429,0.925093733089783,0.94691850385516
0.41041041041041043,0.9663541276406423,0.9255629579111679,0.9472830928764273
0.4114114114114114,0.9666718055873292,0.9265524292745119,0.9476476818976947
0.4124124124124124,0.9670528350213561,0.9265347021961796,0.948012270918962
0.4134134134134134,0.9670871957263688,0.9265169751178473,0.9483768599402294
0.4144144144144144,0.967251708059938,0.926499248039515,0.9487414489614966
0.41541541541541543,0.9674174605610585,0.9264815209611826,0.9495448804652014
0.4164164164164164,0.9674791932753175,0.9264637938828504,0.951920588303083
0.4174174174174174,0.967470269707485,0.9265314319775168,0.951894871572423
0.4184184184184184,0.9674593322695477,0.926920386526535,0.9518691548417632
0.4194194194194194,0.9674569176529781,0.9273093410755532,0.9518434381111032
0.42042042042042044,0.9674545030364086,0.9276982956245714,0.9518177213804433
0.4214214214214214,0.9675335491801268,0.9277129987430851,0.9517920046497833
0.4224224224224224,0.9676623914315458,0.9276900694755257,0.9517677226351554
0.42342342342342343,0.9677961890112389,0.9280321247615189,0.9517587706062008
0.4244244244244244,0.9680015222473006,0.928374180047512,0.9517498185772463
0.42542542542542544,0.9682948120438125,0.9287162353335051,0.9517408665482917
0.4264264264264264,0.9683120292740511,0.9290879513572299,0.9517319145193371
0.4274274274274274,0.9683101104076002,0.929555233452374,0.9517229624903825
0.42842842842842843,0.9683081915411492,0.9300225155475181,0.9517140104614279
0.4294294294294294,0.9683062726746982,0.930290108099669,0.9517050584324733
0.43043043043043044,0.9686115582510798,0.9302690482015615,0.9516961064035188
0.4314314314314314,0.9687450800610162,0.930247988303454,0.9516871543745642
0.43243243243243246,0.9687619995819104,0.9302269284053464,0.9516782023456096
0.43343343343343343,0.9689516561064365,0.9302058685072389,0.9516692503166551
0.4344344344344344,0.9689402342682738,0.9316031381501152,0.9516602982877005
0.43543543543543545,0.9691571546438296,0.9319198708909004,0.9516513462587459
0.4364364364364364,0.9693672076447817,0.9322366036316857,0.9516423942297914
0.43743743743743746,0.9693473535422085,0.9325533363724708,0.9516334422008367
0.43843843843843844,0.969344834518909,0.9328820672080745,0.9516244901718821
0.4394394394394394,0.9693423154956095,0.9334927899040941,0.9516155381429275
0.44044044044044045,0.9693554638502353,0.9341035126001137,0.9515901730064932
0.44144144144144143,0.9694366387922856,0.9341069689503879,0.9515579618336028
0.44244244244244246,0.969517813734336,0.9353913411117694,0.9515257506607124
0.44344344344344344,0.9696276119053918,0.9354572791747224,0.951493539487822
0.4444444444444444,0.9697643818789065,0.9356745385762648,0.9514613283149317
0.44544544544544545,0.9700472325808989,0.9358917979778073,0.9524131468628438
0.44644644644644643,0.9701490506591759,0.9361090573793498,0.9535465343688315
0.44744744744744747,0.9702874592073719,0.9363263167808922,0.9545441842055713
0.44844844844844844,0.9704621198671546,0.9365435761824347,0.9545334768660346
0.4494494494494494,0.970626088365951,0.9371945721222209,0.9545227695264981
0.45045045045045046,0.9706543678164742,0.9380095917840433,0.9545120621869614
0.45145145145145144,0.9706507457200656,0.9384494021195057,0.9545013548474248
0.45245245245245247,0.970641460121033,0.9392568403574528,0.9544906475078881
0.45345345345345345,0.9706450777549387,0.9405569633773925,0.9544799401683516
0.4544544544544544,0.9708580238376054,0.9404954732658196,0.954469232828815
0.45545545545545546,0.9709653881170273,0.9408189275550642,0.9544585254892783
0.45645645645645644,0.9710690147568185,0.941155353204579,0.9544478181497418
0.4574574574574575,0.9710612809611224,0.9414917788540937,0.9544371108102051
0.45845845845845845,0.9710546219225296,0.9418282045036085,0.9544264034706685
0.45945945945945943,0.9712671877052681,0.9432282905133786,0.9544156961311319
0.46046046046046046,0.9712498679021854,0.943186417818782,0.9544049887915953
0.46146146146146144,0.9712379561307463,0.9440041038997026,0.95445714813083
0.4624624624624625,0.9712330755137178,0.9458821710653637,0.9546626961879657
0.46346346346346345,0.9712294687433702,0.9458401641871741,0.9548682442451014
0.46446446446446443,0.9712258549064885,0.9457405368797434,0.9550737923022372
0.46546546546546547,0.9712154053787166,0.9457291032767493,0.9552793403593729
0.46646646646646645,0.9712106130355658,0.9457176696737551,0.9554848884165086
0.4674674674674675,0.9712030827643757,0.9457062360707611,0.9556904364736443
0.46846846846846846,0.971195905297396,0.9456948024677669,0.95589598453078
0.4694694694694695,0.9711913262358061,0.9456833688647729,0.9561015325879157
0.47047047047047047,0.9711845033145837,0.9456719352617788,0.9563070806450514
0.47147147147147145,0.9713291199896749,0.9456626968293714,0.9565126287021871
0.4724724724724725,0.9713907669950494,0.9456545512223482,0.9567181767593228
0.47347347347347346,0.9715861511403188,0.9456464056153251,0.9569237248164585
0.4744744744744745,0.9720657666761868,0.9456382600083019,0.9571292728735942
0.4754754754754755,0.9720611249763005,0.9456301144012788,0.95733482093073
0.47647647647647645,0.9720663328197878,0.9456219687942555,0.957512006557049
0.4774774774774775,0.9722141301046902,0.9456138231872323,0.9574749388673992
0.47847847847847846,0.9725066386807116,0.9456056775802092,0.9574378711777493
0.4794794794794795,0.9727153577606708,0.945597531973186,0.9574008034880993
0.4804804804804805,0.9727179192716491,0.9455893863661629,0.9574374398407824
0.48148148148148145,0.9727113938461461,0.9455436152658242,0.9576055821114634
0.4824824824824825,0.9727414516362622,0.9468993505609745,0.9577737243821445
0.48348348348348347,0.9729145162359135,0.946885928163091,0.9579418666528255
0.4844844844844845,0.9729264556668105,0.9468725057652074,0.9581100089235066
0.4854854854854855,0.9729238766893534,0.9468590833673239,0.9582781511941877
0.48648648648648646,0.9729219515600762,0.9468456609694403,0.9584462934648688
0.4874874874874875,0.973370268880278,0.9468322385715569,0.9586144357355498
0.48848848848848847,0.9733632516940948,0.9471449542889726,0.9587825780062309
0.4894894894894895,0.9733597919544488,0.94794093930176,0.9589507202769119
0.4904904904904905,0.973487173739116,0.9481458599557506,0.9591188625475929
0.49149149149149146,0.973581681339942,0.9480995280305333,0.959287004818274
0.4924924924924925,0.9735755978922369,0.948031887367846,0.9594551470889551
0.4934934934934935,0.9736684468970392,0.9479679315259776,0.9596232893596361
0.4944944944944945,0.9737938677951413,0.9479261899999775,0.9597914316303172
0.4954954954954955,0.973791805411162,0.9479034645671591,0.9599595739009983
0.4964964964964965,0.9737897430271827,0.9478863600763777,0.9601277161716794
0.4974974974974975,0.9737829443956835,0.9478692555855964,0.9602958584423603
0.4984984984984985,0.9737801701001448,0.947852151094815,0.9604640007130414
0.4994994994994995,0.9737775230298007,0.9484868001177733,0.9606828824313842
0.5005005005005005,0.9737694887836916,0.9492334865655921,0.9609316414660596
0.5015015015015015,0.9737637815357392,0.9492054911059945,0.9611804005007349
0.5025025025025025,0.9737605805872929,0.9491777669182044,0.9614291595354103
0.5035035035035035,0.9737573964088116,0.9491696633523088,0.9616779185700857
0.5045045045045045,0.9737542608498876,0.9491615597864131,0.9619266776047611
0.5055055055055055,0.9738432006646364,0.9491534562205175,0.9621754366394365
0.5065065065065065,0.9739707001547456,0.9491453526546219,0.9624241956741119
0.5075075075075075,0.9739649828662997,0.9491372490887262,0.9626729547087872
0.5085085085085085,0.9739579623064548,0.9491291455228306,0.9629217137434627
0.5095095095095095,0.9739513802061861,0.9491210419569349,0.963170472778138
0.5105105105105106,0.9741552786163762,0.9491129383910393,0.9634192318128134
0.5115115115115115,0.9742921815470722,0.9491048348251436,0.9636679908474888
0.5125125125125125,0.9745534096756462,0.9490801499619949,0.9636896396160611
0.5135135135135135,0.9746092659002348,0.9490455185164436,0.9636820429573789
0.5145145145145145,0.9748277614813797,0.9489931058804699,0.9636744462986967
0.5155155155155156,0.9748228466545993,0.9488809089468419,0.9636668496400146
0.5165165165165165,0.974818134159941,0.949176686724261,0.9636592529813324
0.5175175175175175,0.9748125345017733,0.9494987567711408,0.9636516563226503
0.5185185185185185,0.9748050715821365,0.9498208268180206,0.963644059663968
0.5195195195195195,0.9749378626884763,0.9501428968649004,0.9636364630052859
0.5205205205205206,0.9751328127148216,0.9502839996025908,0.9636288663466037
0.5215215215215215,0.9752512759176737,0.9502501621933341,0.9636212696879216
0.5225225225225225,0.9752374629078131,0.9502178824967366,0.9636136730292394
0.5235235235235235,0.9755329174735572,0.9501893587265664,0.9636060763705572
0.5245245245245245,0.9756868049123387,0.9501608349563964,0.9635984797118751
0.5255255255255256,0.975840389729192,0.9501292836133127,0.9635908830531928
0.5265265265265265,0.9759097556541474,0.9500961531643406,0.9635832863945107
0.5275275275275275,0.9759025528732199,0.9499973552712482,0.9635756277350765
0.5285285285285285,0.9758981576432663,0.9499629052185844,0.9635670272529402
0.5295295295295295,0.9758963896524337,0.9499284551659205,0.9635584267708038
0.5305305305305306,0.9758947714277711,0.9498887796282615,0.9635498262886675
0.5315315315315315,0.9758931532031085,0.9498483533414147,0.9635412258065312
0.5325325325325325,0.975889949414692,0.9498099441776405,0.9635326253243949
0.5335335335335335,0.9758750975325398,0.9497716313659867,0.9635240248422585
0.5345345345345345,0.975870217985193,0.949755450717411,0.9635154243601222
0.5355355355355356,0.9760870601613707,0.9497392700688352,0.9635068238779858
0.5365365365365365,0.9763247538843177,0.9497230894202593,0.9634982233958495
0.5375375375375375,0.9763284185534378,0.9497069087716835,0.9634896229137131
0.5385385385385385,0.9763933749119644,0.949689048185314,0.9634810224315767
0.5395395395395395,0.976458331270491,0.9496666810218407,0.9634724219494405
0.5405405405405406,0.9765232876290176,0.9496443138583676,0.9634638214673041
0.5415415415415415,0.976542866794046,0.9496219466948943,0.9634552209851678
0.5425425425425425,0.9765357563343575,0.9513953381077548,0.9637961002906883
0.5435435435435435,0.9767491339206864,0.9521157414339445,0.9641399086669954
0.5445445445445445,0.9768254324912443,0.9525178269280691,0.9644837170433025
0.5455455455455456,0.9769663518959317,0.9524969318698352,0.9648275254196096
0.5465465465465466,0.9772628040820354,0.9524760368116013,0.9651713337959167
0.5475475475475475,0.9773340064167002,0.9524551417533674,0.9655151421722238
0.5485485485485485,0.9774052087513652,0.9530687401793598,0.9658589505485308
0.5495495495495496,0.9774280610247322,0.9537194298860779,0.966202758924838
0.5505505505505506,0.977426160344073,0.9543133534345323,0.9665465673011451
0.5515515515515516,0.9774242596634138,0.9552304268842102,0.9666551481852085
0.5525525525525525,0.9774167054639057,0.9551468891983619,0.9666374459460642
0.5535535535535535,0.9774096799998746,0.955037857589973,0.9666197437069199
0.5545545545545546,0.9774030105847128,0.9550243734810124,0.9666020414677756
0.5555555555555556,0.9773964851897053,0.9550108893720519,0.9665843392286313
0.5565565565565566,0.977448098429125,0.9549974052630914,0.966566636989487
0.5575575575575575,0.977618839422359,0.9549839211541309,0.969798329031086
0.5585585585585585,0.9776173774333224,0.9549704370451704,0.9697916509080969
0.5595595595595596,0.9776159154442858,0.9564372867047788,0.969784972785108
0.5605605605605606,0.9776144534552493,0.9564122419181752,0.9697782946621191
0.5615615615615616,0.9778454603605405,0.9563871971315716,0.96977161653913
0.5625625625625625,0.9778306415429525,0.9578461754739436,0.9697649384161411
0.5635635635635635,0.9778232637539084,0.9593368491333994,0.9697582602931522
0.5645645645645646,0.9778161902615211,0.9592983705633937,0.9697515821701631
0.5655655655655656,0.977810937744963,0.9592673968133594,0.9697449040471742
0.5665665665665666,0.9780910210736559,0.9606957393202954,0.9697382259241852
0.5675675675675675,0.9782701828204287,0.9612203624260717,0.9697315478011962
0.5685685685685685,0.9782629454627979,0.961762138367185,0.9697248696782073
0.5695695695695696,0.9785054752002262,0.9622862646143528,0.9697181915552183
0.5705705705705706,0.9789440035271322,0.9627316378001588,0.9697115134322293
0.5715715715715716,0.9792691101482047,0.9631770109859648,0.9697048353092403
0.5725725725725725,0.9794552279422735,0.9636223841717707,0.9696981571862513
0.5735735735735735,0.9796435173813721,0.9639705164199073,0.972964913276997
0.5745745745745746,0.9798906308876405,0.9644559901007997,0.9729551012285829
0.5755755755755756,0.9800082616886295,0.9649414637816922,0.9729452891801686
0.5765765765765766,0.9801061532720307,0.9651856529539786,0.9729354771317545
0.5775775775775776,0.9803353026766549,0.9651770100403326,0.9729256650833404
0.5785785785785785,0.980551646621613,0.9651683671266865,0.9729158530349262
0.5795795795795796,0.9805364222216916,0.9651597242130404,0.9729060409865121
0.5805805805805806,0.9806660837340613,0.9651510812993943,0.972896228938098
0.5815815815815816,0.980995395681168,0.9651424383857483,0.9728864168896838
0.5825825825825826,0.9809908810524347,0.9651275435535637,0.9728756660792175
0.5835835835835835,0.9812162398647079,0.9650711362676696,0.9728639152805595
0.5845845845845846,0.9812035146588179,0.9650428399140185,0.9728521644819015
0.5855855855855856,0.9812003716008425,0.965016824860423,0.9728404136832435
0.5865865865865866,0.9811981735797124,0.9649954667856708,0.9728286628845855
0.5875875875875876,0.9811960009930841,0.9649741087109186,0.9728169120859276
0.5885885885885885,0.9811857691157048,0.9654534030827215,0.9728051612872696
0.5895895895895896,0.981182384213881,0.9661262933295378,0.9727934104886116
0.5905905905905906,0.9814143028806838,0.9664722532368979,0.9727863077633823
0.5915915915915916,0.9814029166649654,0.9664274443955788,0.9727818824603113
0.5925925925925926,0.9816266344246987,0.9663973012511105,0.9727774571572403
0.5935935935935935,0.9816160033497336,0.9663834787931193,0.9727730318541692
0.5945945945945946,0.9816134606617055,0.9663696563351282,0.9727686065510982
0.5955955955955956,0.981610427786199,0.9663558338771371,0.9727641812480272
0.5965965965965966,0.9816041155613761,0.9663539982246525,0.9727597559449562
0.5975975975975976,0.9815966139807731,0.9666491529092605,0.9727553306418852
0.5985985985985985,0.9816314406087001,0.9669443075938685,0.9727509053388141
0.5995995995995996,0.9818125398728331,0.9672394622784766,0.9727464800357432
0.6006006006006006,0.9818008802890706,0.9675346169630846,0.9727420547326722
0.6016016016016016,0.9823580173872726,0.9678297716476927,0.9727376294296012
0.6026026026026026,0.9825030305894679,0.9678031678683354,0.9727332041265301
0.6036036036036035,0.9824931905260958,0.9677824562249281,0.9727287788234591
0.6046046046046046,0.9824791543831483,0.9677680530617652,0.9727243535203881
0.6056056056056056,0.9827545088607228,0.9677536498986022,0.9727199282173171
0.6066066066066066,0.9829400770222494,0.9680390949838492,0.9727155029142461
0.6076076076076076,0.9834278550945224,0.9692543394815084,0.972711077611175
0.6086086086086087,0.9834215359457908,0.969239142451327,0.972706652308104
0.6096096096096096,0.9834171697112505,0.9692239454211456,0.9727022270050331
0.6106106106106106,0.9834087545897788,0.9692087483909643,0.9726978017019621
0.6116116116116116,0.9836291601586339,0.9713827122795667,0.973356180160647
0.6126126126126126,0.9836197252602578,0.9723288357851604,0.9743739804350153
0.6136136136136137,0.9836172250066594,0.9722975634188855,0.9753917807093838
0.6146146146146146,0.9836156832211702,0.9722789974063828,0.9760247082074076
0.6156156156156156,0.9836139761115057,0.9722637431411705,0.9760175469428717
0.6166166166166166,0.9836118473568414,0.9722538306475484,0.9760103856783358
0.6176176176176176,0.9836085209858205,0.9722439181539263,0.9760032244137997
0.6186186186186187,0.9835995835776187,0.9722340056603043,0.9759960631492638
0.6196196196196196,0.9838340832184052,0.9722240931666821,0.9759889018847279
0.6206206206206206,0.9838212453893034,0.9720996800680745,0.9759817406201919
0.6216216216216216,0.9838082664380301,0.9720503369637133,0.9759745793556559
0.6226226226226226,0.9840389542860492,0.9719881098291424,0.97596741809112
0.6236236236236237,0.984273192281636,0.9719761249081951,0.975960256826584
0.6246246246246246,0.9847448773964002,0.9719641399872478,0.975953095562048
0.6256256256256256,0.9847373836020508,0.9719521550663006,0.9759459342975121
0.6266266266266266,0.9847317682740006,0.9736129323653263,0.9758232631624203
0.6276276276276276,0.984727522234599,0.9741024938412082,0.9759924092930041
0.6286286286286287,0.9847248756463093,0.9745920553170901,0.9769488263575379
0.6296296296296297,0.984839498264295,0.9750816167929721,0.9779052434220716
0.6306306306306306,0.9849582838450424,0.975228091745255,0.9788616604866053
0.6316316316316316,0.9849497295728099,0.9754526822087447,0.9791467876321366
0.6326326326326326,0.9849188646538879,0.9756772726722344,0.9791176007574555
0.6336336336336337,0.9849089005918609,0.975901863135724,0.9791619035503233
0.6346346346346347,0.9853877157530269,0.9761264535992137,0.9795114947037675
0.6356356356356356,0.9853835151509599,0.9763510440627033,0.9798610858572118
0.6366366366366366,0.9853804505665437,0.976575634526193,0.980210677010656
0.6376376376376376,0.9853766943480708,0.9767352714583941,0.9805602681641002
0.6386386386386387,0.9853676442086522,0.9767005769397928,0.9809098593175445
0.6396396396396397,0.9853506734649484,0.9766710553559941,0.9812594504709887
0.6406406406406406,0.9853422181689039,0.9766627211136619,0.981609041624433
0.6416416416416416,0.9853395113052202,0.976658086590814,0.9819586327778772
0.6426426426426426,0.9853355602036812,0.976653452067966,0.9823082239313214
0.6436436436436437,0.9853229658725545,0.9766488175451181,0.9825093257003094
0.6446446446446447,0.985315033747394,0.9766441830222702,0.9824890057476484
0.6456456456456456,0.9853106353844389,0.9766395484994222,0.9824686857949875
0.6466466466466466,0.985357133525352,0.9766349139765743,0.9824518566034478
0.6476476476476476,0.9855327416846732,0.9766302794537264,0.9824406603272577
0.6486486486486487,0.9855221415461346,0.9765991144642826,0.9824294640510677
0.6496496496496497,0.9857648014826486,0.9765693438925298,0.9824182677748775
0.6506506506506506,0.9860029220285419,0.9765474537566486,0.9824070714986874
0.6516516516516516,0.9860012982106982,0.9765330011516942,0.9823958752224974
0.6526526526526526,0.9859959530740361,0.9765185485467397,0.9823459746276224
0.6536536536536537,0.9859919799516982,0.9764994341802,0.9827491329122527
0.6546546546546547,0.985981822581526,0.9764736982635108,0.9833029470596368
0.6556556556556556,0.9859734526745656,0.976456654924391,0.9838567612070209
0.6566566566566566,0.985967856086258,0.9764408064184178,0.984410575354405
0.6576576576576576,0.9859658644080403,0.9764220065683914,0.9849643895017891
0.6586586586586587,0.9859599607862228,0.9763983863169945,0.9855182036491732
0.6596596596596597,0.9861959830117152,0.976325016726792,0.9858049106699575
0.6606606606606606,0.9861907219044844,0.9762855489147475,0.9857818173476528
0.6616616616616616,0.9861796768765362,0.977890148252518,0.9873710629577597
0.6626626626626626,0.9861753002754844,0.9778513097705328,0.9892833746912004
0.6636636636636637,0.9861627904086454,0.9778379208040832,0.989279880473474
0.6646646646646647,0.9866152826863417,0.9778245318376334,0.9892763862557475
0.6656656656656657,0.9866405215045232,0.9778113185123981,0.9892728920380212
0.6666666666666666,0.9868835563638606,0.9777984456231887,0.9892693978202947
0.6676676676676676,0.9868806982897108,0.9777855727339793,0.9892659036025683
0.6686686686686687,0.9871842570452948,0.9777688219059566,0.9892624093848418
0.6696696696696697,0.987620600950725,0.977746118190577,0.9892589151671154
0.6706706706706707,0.9876177863665219,0.977715722677748,0.989255420949389
0.6716716716716716,0.9878606770048121,0.9776911282118844,0.9892519267316625
0.6726726726726726,0.9878458674345424,0.9776730332912964,0.9892484325139361
0.6736736736736737,0.9880798216924614,0.9776215023945003,0.9892399157231645
0.6746746746746747,0.9880714402204238,0.9776026993239605,0.9892290274759349
0.6756756756756757,0.9880617768301443,0.9775785669873848,0.9892181392287054
0.6766766766766766,0.9880478186089526,0.9775421092904919,0.9892060238573984
0.6776776776776777,0.9880408714281873,0.9775313413309766,0.9891854683546517
0.6786786786786787,0.9880295248554887,0.9775205733714613,0.98912686123682
0.6796796796796797,0.9882693924408238,0.9775098054119459,0.9890751843876945
0.6806806806806807,0.9882647467303199,0.9774681743542263,0.9890433641795285
0.6816816816816816,0.9882573561144831,0.9774563863144444,0.9889976242593259
0.6826826826826827,0.9884957206930259,0.9774445982746625,0.9891868225655707
0.6836836836836837,0.9884902772612133,0.9774328102348806,0.9905974744581996
0.6846846846846847,0.9884813564082124,0.9772842576427715,0.9920081263508286
0.6856856856856857,0.988673801930681,0.9772131186401392,0.9925775529833307
0.6866866866866866,0.9887148396493738,0.9771612318197684,0.9925310191071866
0.6876876876876877,0.9887118316342144,0.977137542407309,0.9925004361068152
0.6886886886886887,0.9886938625910907,0.977118202650631,0.9924875681223619
0.6896896896896897,0.9886785719018182,0.9770943794981906,0.9924722394433375
0.6906906906906907,0.9886603214432389,0.9770690829709492,0.9924545021963302
0.6916916916916916,0.988655935978239,0.9770457795573837,0.9924464949257866
0.6926926926926927,0.9886445102749795,0.9770169112898037,0.9924395003133634
0.6936936936936937,0.9888828067606262,0.9769809909334134,0.9924325057009402
0.6946946946946947,0.9888773568591992,0.9769489054324556,0.992425511088517
0.6956956956956957,0.9888691771218276,0.9769288406628819,0.9923894806894237
0.6966966966966966,0.9888486351990835,0.9769032059289772,0.9923814042246158
0.6976976976976977,0.988832808075385,0.9768006506615565,0.9923733277598079
0.6986986986986987,0.9890788525778663,0.9767482857015878,0.9923517246758666
0.6996996996996997,0.9893279479511812,0.9766846653829998,0.9923293507596299
0.7007007007007007,0.9893154286250657,0.9766625629131104,0.99232023831772
0.7017017017017017,0.9893106930998576,0.9766075486561552,0.99231112587581
0.7027027027027027,0.9893008042973988,0.9765911423448487,0.992304242654903
0.7037037037037037,0.9892922631275346,0.976564576257534,0.9922987072685213
0.7047047047047047,0.9892704019807464,0.9764792639682363,0.9922931718821396
0.7057057057057057,0.9895141808084594,0.9764338860227312,0.9922876364957579
0.7067067067067067,0.9897598024582399,0.9763631722548339,0.9922821011093763
0.7077077077077077,0.9897434675101421,0.9763407147859119,0.9922733752311595
0.7087087087087087,0.9897373315712066,0.9780961107092954,0.9922554599469939
0.7097097097097097,0.9897223309620824,0.9779857676589242,0.9922396062235231
0.7107107107107107,0.9897079212984179,0.9778736937817607,0.9922252026068665
0.7117117117117117,0.9902241076540554,0.9778354733638944,0.9921975655184324
0.7127127127127127,0.9902172915510323,0.9777985785730687,0.9921289576637863
0.7137137137137137,0.990196008727877,0.9777180218405648,0.9921088952248597
0.7147147147147147,0.9901745308703126,0.9775912634029856,0.9920783136461059
0.7157157157157157,0.9901632684059218,0.977511614907531,0.9920580832669227
0.7167167167167167,0.9901489329671065,0.9774685687311568,0.9920511898693071
0.7177177177177178,0.9904012191281605,0.9774481598988003,0.9920442964716913
0.7187187187187187,0.9906533638580152,0.9774135728559831,0.9920374030740757
0.7197197197197197,0.9906346864259715,0.9773387964513286,0.9920081080773895
0.7207207207207207,0.9911503176677564,0.9771837356941304,0.9920828398570064
0.7217217217217217,0.991137208607685,0.9771268293281313,0.9928750498786865
0.7227227227227228,0.9911294237613852,0.9770898047066588,0.9936672599003666
0.7237237237237237,0.9911139209700648,0.976970001260929,0.9944594699220467
0.7247247247247247,0.9911032530363869,0.9769430022004564,0.9952516799437268
0.7257257257257257,0.991083152136967,0.9768750840895079,0.9959665730448631
0.7267267267267267,0.9910678185234479,0.976837151923618,0.9959544124300068
0.7277277277277278,0.9910490452108615,0.9766820942825121,0.9959432512221681
0.7287287287287287,0.9913112666659014,0.9765735645322994,0.9959301382165108
0.7297297297297297,0.9912998538659114,0.9765551269553582,0.9959159716150996
0.7307307307307307,0.9912879047793581,0.9765462119625498,0.9959103612014156
0.7317317317317317,0.9915315550017253,0.9765372969697415,0.9959047507877318
0.7327327327327328,0.9915117318313705,0.976528381976933,0.9958971634929906
0.7337337337337337,0.9917651490424667,0.9765194669841247,0.9958871148029038
0.7347347347347347,0.9917593439981024,0.9764944796434953,0.9958718672177446
0.7357357357357357,0.9917529878188031,0.976462616412579,0.995864398163187
0.7367367367367368,0.9917417559182666,0.9764324523541907,0.9958599424067511
0.7377377377377378,0.9917254072191637,0.9763280218229498,0.9958554866503154
0.7387387387387387,0.9917072512354953,0.9779635013200803,0.9958510308938796
0.7397397397397397,0.9916886104845029,0.9780450261840897,0.995827813313578
0.7407407407407407,0.9916555269213112,0.9779656310572516,0.9958131762230392
0.7417417417417418,0.9916417359781359,0.9778609715686085,0.9958056182935061
0.7427427427427428,0.9916215976684172,0.9778079139829742,0.9957978425539454
0.7437437437437437,0.991885124875029,0.9777298433939606,0.9957839277779932
0.7447447447447447,0.9921458359803867,0.9776435865783636,0.9957426053919008
0.7457457457457457,0.9921247919665288,0.9776051720695518,0.995731348852738
0.7467467467467468,0.9921198874641113,0.9775414520255504,0.9957007847981315
0.7477477477477478,0.9921020227869829,0.9775272710279135,0.9956832711612533
0.7487487487487487,0.9921392230518558,0.9775130900302765,0.9956497240297036
0.7497497497497497,0.9923615570841159,0.9774492216260086,0.9956175672651539
0.7507507507507507,0.992670684493991,0.9773861880510558,0.995583187702259
0.7517517517517518,0.9930843884792382,0.977165678151803,0.9955717161296451
0.7527527527527528,0.9931339701108118,0.9770704183619959,0.9955645684500455
0.7537537537537538,0.9931152862608053,0.9769764185873379,0.9955574207704458
0.7547547547547547,0.9930914584122268,0.978979159236882,0.9955100027429864
0.7557557557557557,0.9930793984193671,0.9789585267610723,0.995461118662356
0.7567567567567568,0.9930616029377801,0.97886576048735,0.9954455619443652
0.7577577577577578,0.993327062218058,0.980821250174206,0.9954340921161898
0.7587587587587588,0.9935948864457834,0.9807737826644994,0.9954123011273688
0.7597597597597597,0.9938649451408335,0.9806169370967114,0.9954006950062422
0.7607607607607607,0.9938451047928558,0.9805160860398362,0.995390101734046
0.7617617617617618,0.9938245378872252,0.9804345619796486,0.9953829888929517
0.7627627627627628,0.9940993922330438,0.9803488816911465,0.9953758760518576
0.7637637637637638,0.9940788402558196,0.9803110441353152,0.9953658014515913
0.7647647647647647,0.9943458572119808,0.980247481384491,0.9953440081688948
0.7657657657657657,0.9946200136151802,0.9802036508072305,0.9953243780092774
0.7667667667667668,0.9946039388114848,0.9801108029074709,0.995318131440356
0.7677677677677678,0.9945771628294392,0.9800577821428337,0.9953118848714346
0.7687687687687688,0.9945505136909711,0.9799833452235814,0.9953056383025132
0.7697697697697697,0.9948287044000794,0.9798853797606811,0.9952673777200345
0.7707707707707707,0.9947991870280661,0.9798018224144847,0.9952470347668703
0.7717717717717718,0.9950653726314871,0.9796015564580768,0.9952116628638321
0.7727727727727728,0.9950287589191533,0.9793111050078952,0.9951611844634914
0.7737737737737738,0.9950039826644106,0.9791032852083683,0.9951040340279961
0.7747747747747747,0.9952895634640998,0.979070725677647,0.9950467529104288
0.7757757757757757,0.9952625129075423,0.9789872397460212,0.9949481555401656
0.7767767767767768,0.9952421833818398,0.9787843403813677,0.9949315640410168
0.7777777777777778,0.9958399106163558,0.9785640713631096,0.994837171198224
0.7787787787787788,0.995823183104469,0.9785008038088847,0.9948062359069173
0.7797797797797797,0.9957925961668672,0.9784229338200024,0.9947929442323219
0.7807807807807807,0.9960848934402844,0.9783764967127073,0.9947675192772295
0.7817817817817818,0.9960588840641788,0.9781900256735874,0.994627906280564
0.7827827827827828,0.9960229261934067,0.9780386080152085,1.0
0.7837837837837838,0.996002489534201,0.9779414677263649,1.0
0.7847847847847848,0.9963130276516435,0.9776853494655084,1.0
0.7857857857857857,0.996294685176202,0.9774286617275472,1.0
0.7867867867867868,0.996265618827227,0.9771013367049389,1.0
0.7877877877877878,0.9962322946462395,0.9793156761309941,1.0
0.7887887887887888,0.9961889763189918,0.9790310909853762,1.0
0.7897897897897898,0.9965048205986032,0.9787294573727152,1.0
0.7907907907907907,0.9964781798566523,0.978404816534719,1.0
0.7917917917917918,0.9964524940933706,0.9781662817680893,1.0
0.7927927927927928,0.9964155606476758,0.9806903439616969,1.0
0.7937937937937938,0.996372572893687,0.9805428610413318,1.0
0.7947947947947948,0.9967109824070662,0.9803031413958936,1.0
0.7957957957957957,0.9966825896543132,0.9799093741022994,1.0
0.7967967967967968,0.9970145184953068,0.979556441304296,1.0
0.7977977977977978,0.9969852769284281,0.9794467895357096,1.0
0.7987987987987988,0.9969632390214833,0.9789496459945853,1.0
0.7997997997997998,0.9969313754782085,0.9788230086247794,1.0
0.8008008008008007,0.9972811141299422,0.9786119279016623,1.0
0.8018018018018018,0.9972406065127353,0.9782441649585487,1.0
0.8028028028028028,0.9972138460272628,0.977792352786514,1.0
0.8038038038038038,0.997176246460071,0.9771062761665427,1.0
0.8048048048048048,0.9971432307840243,0.9788687664601426,1.0
0.8058058058058059,0.9971074336684588,0.9795440492273153,1.0
0.8068068068068068,0.9970797773675745,0.9787228728727033,1.0
0.8078078078078078,0.9974574560929739,0.9783253198828835,1.0
0.8088088088088088,0.9978473454966339,0.9780979912709185,1.0
0.8098098098098098,0.9982526676168216,0.9773515308426792,1.0
0.8108108108108109,0.9982202901641156,0.9770412578795032,1.0
0.8118118118118118,0.9981913387161166,0.9764263071510304,1.0
0.8128128128128128,0.9981617581105098,0.975873723458562,1.0
0.8138138138138138,0.9981337360743553,0.9793213482463596,1.0
0.8148148148148148,0.9981152322545868,0.9785185440697689,1.0
0.8158158158158159,0.9985640063517058,0.9782457569466284,1.0
0.8168168168168168,0.9985410604860484,0.9779471232359372,1.0
0.8178178178178178,0.9985149450314943,0.9775815384832025,1.0
0.8188188188188188,0.9984952100886892,0.9766476333228925,1.0
0.8198198198198198,0.9984750903600793,0.9757672785255629,1.0
0.8208208208208209,0.9984477140157222,0.9747107604850288,1.0
0.8218218218218218,0.998426771279416,0.9740929533595102,1.0
0.8228228228228228,0.998407558149236,0.973530229646579,1.0
0.8238238238238238,0.9983811158156806,0.9782774763251372,1.0
0.8248248248248248,0.9983591408847142,0.9778988590118953,1.0
0.8258258258258259,0.9983272437981672,0.97782541717104,1.0
0.8268268268268268,0.9982994313297306,0.9776075495795226,1.0
0.8278278278278278,0.9982659300444804,0.9771855170008493,1.0
0.8288288288288288,0.99882049591632,0.9766996800644456,1.0
0.8298298298298298,0.9987990821625229,0.9757647207554947,1.0
0.8308308308308309,0.9987736779773023,0.9813327245864044,1.0
0.8318318318318318,0.9987479078209549,0.9806221235974101,1.0
0.8328328328328328,0.9987144930059602,0.980424401072066,1.0
0.8338338338338338,0.9986862009658347,0.979486068504307,1.0
0.8348348348348348,0.999328792034492,0.9788861572945801,1.0
0.8358358358358359,0.9993137235841442,0.9777866463914118,1.0
0.8368368368368369,1.0,0.9765724429852927,1.0
0.8378378378378378,1.0,0.9749674301352712,1.0
0.8388388388388388,1.0,0.9813130159745561,1.0
0.8398398398398398,1.0,0.9826393942179392,1.0
0.8408408408408409,1.0,0.9818328655445545,1.0
0.8418418418418419,1.0,0.9804300321536578,1.0
0.8428428428428428,1.0,0.9796773557970482,1.0
0.8438438438438438,1.0,0.9788065531484261,1.0
0.8448448448448448,1.0,0.9775895906348782,1.0
0.8458458458458459,1.0,0.9766997373108787,1.0
0.8468468468468469,1.0,0.9754482164243107,1.0
0.8478478478478478,1.0,0.972693958566162,1.0
0.8488488488488488,1.0,0.9706844571100043,1.0
0.8498498498498498,1.0,0.9695570385199275,1.0
0.8508508508508509,1.0,0.9688553786711729,1.0
0.8518518518518519,1.0,0.966483019295571,1.0
0.8528528528528528,1.0,0.9640995832841388,1.0
0.8538538538538538,1.0,0.9625297354654407,1.0
0.8548548548548548,1.0,0.9594063238163991,1.0
0.8558558558558559,1.0,0.9578046087514756,1.0
0.8568568568568569,1.0,0.9532908768989377,1.0
0.8578578578578578,1.0,0.9754812667615339,1.0
0.8588588588588588,1.0,0.9741249128898861,1.0
0.8598598598598598,1.0,0.9727291656764453,1.0
0.8608608608608609,1.0,0.9898685188174582,1.0
0.8618618618618619,1.0,1.0,1.0
0.8628628628628628,1.0,1.0,1.0
0.8638638638638638,1.0,1.0,1.0
0.8648648648648649,1.0,1.0,1.0
0.8658658658658659,1.0,1.0,1.0
0.8668668668668669,1.0,1.0,1.0
0.8678678678678678,1.0,1.0,1.0
0.8688688688688688,1.0,1.0,1.0
0.8698698698698699,1.0,1.0,1.0
0.8708708708708709,1.0,1.0,1.0
0.8718718718718719,1.0,1.0,1.0
0.8728728728728729,1.0,1.0,1.0
0.8738738738738738,1.0,1.0,1.0
0.8748748748748749,1.0,1.0,1.0
0.8758758758758759,1.0,1.0,1.0
0.8768768768768769,1.0,1.0,1.0
0.8778778778778779,1.0,1.0,1.0
0.8788788788788788,1.0,1.0,1.0
0.8798798798798799,1.0,1.0,1.0
0.8808808808808809,1.0,1.0,1.0
0.8818818818818819,1.0,1.0,1.0
0.8828828828828829,1.0,1.0,1.0
0.8838838838838838,1.0,1.0,1.0
0.8848848848848849,1.0,1.0,1.0
0.8858858858858859,1.0,1.0,1.0
0.8868868868868869,1.0,1.0,1.0
0.8878878878878879,1.0,1.0,1.0
0.8888888888888888,1.0,1.0,1.0
0.8898898898898899,1.0,1.0,1.0
0.8908908908908909,1.0,1.0,1.0
0.8918918918918919,1.0,1.0,1.0
0.8928928928928929,1.0,1.0,1.0
0.8938938938938938,1.0,1.0,1.0
0.8948948948948949,1.0,1.0,1.0
0.8958958958958959,1.0,1.0,1.0
0.8968968968968969,1.0,1.0,1.0
0.8978978978978979,1.0,1.0,1.0
0.8988988988988988,1.0,1.0,1.0
0.8998998998998999,1.0,1.0,1.0
0.9009009009009009,1.0,1.0,1.0
0.9019019019019019,1.0,1.0,1.0
0.9029029029029029,1.0,1.0,1.0
0.9039039039039038,1.0,1.0,1.0
0.9049049049049049,1.0,1.0,1.0
0.9059059059059059,1.0,1.0,1.0
0.9069069069069069,1.0,1.0,1.0
0.9079079079079079,1.0,1.0,1.0
0.9089089089089089,1.0,1.0,1.0
0.9099099099099099,1.0,1.0,1.0
0.9109109109109109,1.0,1.0,1.0
0.9119119119119119,1.0,1.0,1.0
0.9129129129129129,1.0,1.0,1.0
0.9139139139139139,1.0,1.0,1.0
0.914914914914915,1.0,1.0,1.0
0.9159159159159159,1.0,1.0,1.0
0.9169169169169169,1.0,1.0,1.0
0.9179179179179179,1.0,1.0,1.0
0.9189189189189189,1.0,1.0,1.0
0.91991991991992,1.0,1.0,1.0
0.9209209209209209,1.0,1.0,1.0
0.9219219219219219,1.0,1.0,1.0
0.9229229229229229,1.0,1.0,1.0
0.9239239239239239,1.0,1.0,1.0
0.924924924924925,1.0,1.0,1.0
0.9259259259259259,1.0,1.0,1.0
0.9269269269269269,1.0,1.0,1.0
0.9279279279279279,1.0,1.0,1.0
0.9289289289289289,1.0,1.0,1.0
0.92992992992993,1.0,1.0,1.0
0.9309309309309309,1.0,1.0,1.0
0.9319319319319319,1.0,1.0,1.0
0.9329329329329329,1.0,1.0,1.0
0.933933933933934,1.0,1.0,1.0
0.934934934934935,1.0,1.0,1.0
0.9359359359359359,1.0,1.0,1.0
0.9369369369369369,1.0,1.0,1.0
0.9379379379379379,1.0,1.0,1.0
0.938938938938939,1.0,1.0,1.0
0.93993993993994,1.0,1.0,1.0
0.9409409409409409,1.0,1.0,1.0
0.9419419419419419,1.0,1.0,1.0
0.9429429429429429,1.0,1.0,1.0
0.943943943943944,1.0,1.0,1.0
0.944944944944945,1.0,1.0,1.0
0.9459459459459459,1.0,1.0,1.0
0.9469469469469469,1.0,1.0,1.0
0.9479479479479479,1.0,1.0,1.0
0.948948948948949,1.0,1.0,1.0
0.94994994994995,1.0,1.0,1.0
0.950950950950951,1.0,1.0,1.0
0.9519519519519519,1.0,1.0,1.0
0.9529529529529529,1.0,1.0,1.0
0.953953953953954,1.0,1.0,1.0
0.954954954954955,1.0,1.0,1.0
0.955955955955956,1.0,1.0,1.0
0.9569569569569569,1.0,1.0,1.0
0.9579579579579579,1.0,1.0,1.0
0.958958958958959,1.0,1.0,1.0
0.95995995995996,1.0,1.0,1.0
0.960960960960961,1.0,1.0,1.0
0.9619619619619619,1.0,1.0,1.0
0.9629629629629629,1.0,1.0,1.0
0.963963963963964,1.0,1.0,1.0
0.964964964964965,1.0,1.0,1.0
0.965965965965966,1.0,1.0,1.0
0.9669669669669669,1.0,1.0,1.0
0.9679679679679679,1.0,1.0,1.0
0.968968968968969,1.0,1.0,1.0
0.96996996996997,1.0,1.0,1.0
0.970970970970971,1.0,1.0,1.0
0.9719719719719719,1.0,1.0,1.0
0.9729729729729729,1.0,1.0,1.0
0.973973973973974,1.0,1.0,1.0
0.974974974974975,1.0,1.0,1.0
0.975975975975976,1.0,1.0,1.0
0.9769769769769769,1.0,1.0,1.0
0.9779779779779779,1.0,1.0,1.0
0.978978978978979,1.0,1.0,1.0
0.97997997997998,1.0,1.0,1.0
0.980980980980981,1.0,1.0,1.0
0.9819819819819819,1.0,1.0,1.0
0.9829829829829829,1.0,1.0,1.0
0.983983983983984,1.0,1.0,1.0
0.984984984984985,1.0,1.0,1.0
0.985985985985986,1.0,1.0,1.0
0.986986986986987,1.0,1.0,1.0
0.9879879879879879,1.0,1.0,1.0
0.988988988988989,1.0,1.0,1.0
0.98998998998999,1.0,1.0,1.0
0.990990990990991,1.0,1.0,1.0
0.991991991991992,1.0,1.0,1.0
0.992992992992993,1.0,1.0,1.0
0.993993993993994,1.0,1.0,1.0
0.994994994994995,1.0,1.0,1.0
0.995995995995996,1.0,1.0,1.0
0.996996996996997,1.0,1.0,1.0
0.997997997997998,1.0,1.0,1.0
0.998998998998999,1.0,1.0,1.0
1.0,1.0,1.0,1.0
