confidence,person_f1,people_f1,cyclist_f1
0.0,0.36618814660357685,0.19055097500327184,0.47220106626047215
0.001001001001001001,0.3663164950447663,0.19059492283906065,0.47220106626047215
0.002002002002002002,0.4626268881419346,0.2803168013639853,0.5937661807096072
0.003003003003003003,0.5242609087688633,0.3445746673340069,0.6539817455530673
0.004004004004004004,0.5666545766541035,0.4005603197072889,0.6915497161851617
0.005005005005005005,0.6004940066429303,0.4472819399299539,0.7175466094409886
0.006006006006006006,0.6277643391460783,0.4797446973894975,0.738555955212839
0.007007007007007007,0.6513605244862875,0.5146789240508506,0.7573721373441138
0.008008008008008008,0.671452910736531,0.541047055560002,0.7720077120188764
0.009009009009009009,0.686793625620278,0.561777876711314,0.7815157055563803
0.01001001001001001,0.7010734933693925,0.5809403970318724,0.7923016663499018
0.011011011011011011,0.7133143747663697,0.5996328692785237,0.7992560257140578
0.012012012012012012,0.7249605443539606,0.6149140405545019,0.8110698052231469
0.013013013013013013,0.7350785281993663,0.6288097098577112,0.8152424502966974
0.014014014014014014,0.7432599534077676,0.6442009091029504,0.8231596778841105
0.015015015015015015,0.7524456023277333,0.6539326016646927,0.827531371673551
0.016016016016016016,0.759372716567051,0.6679736213490851,0.8336387082623193
0.017017017017017015,0.766497254769187,0.6799198128956643,0.8378056577035674
0.018018018018018018,0.7742290664454955,0.6864132627623819,0.8402299010885839
0.01901901901901902,0.7803998969882955,0.697460106728148,0.8486650361263879
0.02002002002002002,0.7854687718885783,0.7050702809311721,0.8537257434444001
0.02102102102102102,0.7904991305931403,0.7168691184036231,0.8565833235872181
0.022022022022022022,0.7940504504921385,0.7226208754288829,0.862113226302821
0.023023023023023025,0.7977030231135979,0.7271555670750957,0.8649740658973647
0.024024024024024024,0.8025164341707688,0.7315165368434263,0.8657581016509469
0.025025025025025023,0.8071652831037275,0.7357949519457161,0.8691464895647406
0.026026026026026026,0.8106988422429936,0.7438535660113045,0.8707533418056776
0.02702702702702703,0.8138178115889355,0.7501282578230679,0.8733855104697799
0.028028028028028028,0.8173630723510548,0.7532457597463481,0.8746052723157557
0.029029029029029027,0.8195656224206598,0.7562645120693487,0.8807376838698134
0.03003003003003003,0.8218919350878681,0.7632715232134307,0.8832087253599528
0.031031031031031032,0.823881194268641,0.7696624260382694,0.8852057966921955
0.03203203203203203,0.8267132544301304,0.7719059241226405,0.886000616139412
0.03303303303303303,0.8297060470450626,0.7755371460277948,0.8886806706963398
0.03403403403403403,0.8320538322982599,0.779303039331521,0.8900685065428939
0.035035035035035036,0.8342103503505625,0.7821001517030799,0.8917156731223811
0.036036036036036036,0.8355580503045954,0.7861593653694225,0.8927507175998187
0.037037037037037035,0.8379517691347728,0.7890815771371463,0.8936800694559515
0.03803803803803804,0.8404160705650573,0.7926735053400463,0.895735160643256
0.03903903903903904,0.8423987694809086,0.7959819296791553,0.8981534768158467
0.04004004004004004,0.8438684009650171,0.7995288059693709,0.9001557899000132
0.04104104104104104,0.8456061910031615,0.8018568977875762,0.9006775506633335
0.04204204204204204,0.8473363561841719,0.8065774652269936,0.9011988047366302
0.043043043043043044,0.8492274837916409,0.8090933910367077,0.9017681532716973
0.044044044044044044,0.8511631442717602,0.8106205791537574,0.9023524952916496
0.04504504504504504,0.8530754321065589,0.8111856322234576,0.9031339946146183
0.04604604604604605,0.8548563615519471,0.8123869101555169,0.9044096605811102
0.04704704704704705,0.8564129905049949,0.8150348948517776,0.9039690531076966
0.04804804804804805,0.8581910760410132,0.8173119719439236,0.9044332252952406
0.04904904904904905,0.8594038182555311,0.8203209564101891,0.9048969925808529
0.050050050050050046,0.8605165291607217,0.8221459409930512,0.9078014277305204
0.05105105105105105,0.861523255923195,0.823351494058964,0.9088624466374585
0.05205205205205205,0.8629550983592977,0.8242190729923485,0.9097711969050137
0.05305305305305305,0.86440039499351,0.8253925357468966,0.9108857897499105
0.05405405405405406,0.866343793791695,0.8265748018362782,0.9138405526767838
0.055055055055055056,0.8678177333275651,0.827638174633147,0.9155724987531556
0.056056056056056056,0.8690095939125282,0.827935102027773,0.9191906464274934
0.057057057057057055,0.8700346919426992,0.8291775998669647,0.9211866024840443
0.058058058058058054,0.8710133541584073,0.8308963877883501,0.9217020541769289
0.05905905905905906,0.871905024400511,0.8327929010878431,0.9219574323299216
0.06006006006006006,0.8734982312854518,0.8341591547557123,0.9222126858182933
0.06106106106106106,0.8754517710638328,0.8354663407016532,0.9224678147333053
0.062062062062062065,0.8760775962213175,0.8367834433810997,0.9227228191661306
0.06306306306306306,0.8768638134134156,0.8372169802049431,0.9246067629630454
0.06406406406406406,0.8779270643649716,0.8373250681697124,0.9257328070910469
0.06506506506506507,0.8783396717659685,0.8383246195247492,0.9260987830189096
0.06606606606606606,0.8792032916312736,0.8395419676342658,0.9264645019598599
0.06706706706706707,0.8800763541739601,0.839833943252232,0.9268299641844856
0.06806806806806806,0.88045932323236,0.8408093418253348,0.929012002292977
0.06906906906906907,0.8810594863292587,0.8426161745291824,0.9313217985644952
0.07007007007007007,0.8824828725694887,0.843592251690025,0.9315724469528608
0.07107107107107107,0.883424695586521,0.845522801352514,0.9318229741366638
0.07207207207207207,0.8841892193996573,0.846190938636081,0.9320733802037984
0.07307307307307308,0.8847777623124623,0.8469696477672922,0.9323236652420732
0.07407407407407407,0.885437241289678,0.8475693498644141,0.9325738293392126
0.07507507507507508,0.885934233993703,0.848701207089465,0.9340147641576387
0.07607607607607608,0.8862695451642875,0.8503632753646189,0.9352445613741248
0.07707707707707707,0.8869740104389159,0.8510480719185122,0.9362474972397579
0.07807807807807808,0.8874786077890937,0.8517628663431626,0.9375606443979103
0.07907907907907907,0.8881807463057239,0.8526951540080991,0.9389279226809649
0.08008008008008008,0.889029123755347,0.8530871395158343,0.9395953050096915
0.08108108108108109,0.8896621279585388,0.854093787787831,0.9401222428985511
0.08208208208208208,0.8902182367461778,0.8545411823711271,0.9405257942103219
0.08308308308308308,0.8910945331613238,0.8551415374494136,0.9409290286933399
0.08408408408408408,0.8921282621913726,0.8567813423347098,0.9413319467205725
0.08508508508508508,0.8926903760997053,0.8580866854429677,0.9422049726167951
0.08608608608608609,0.8931186210902117,0.8599958794478894,0.9433649440122561
0.08708708708708708,0.8937171472382547,0.8609477544162479,0.9450703560049778
0.08808808808808809,0.8941173471693028,0.8627247287548375,0.9462072760213472
0.0890890890890891,0.8947353637357541,0.8629674098739486,0.946971942301566
0.09009009009009009,0.8954930682757641,0.8631850722246839,0.9474351688292499
0.09109109109109109,0.8960382225974378,0.8633116148564057,0.9477662289837689
0.0920920920920921,0.89670413314615,0.8634381249181031,0.9480970743690075
0.09309309309309309,0.8970859565120398,0.8635646024223489,0.9484277051938892
0.0940940940940941,0.8975211763909701,0.8636910473817093,0.9487684999898586
0.09509509509509509,0.8980992071330925,0.8653031716188906,0.949141492855392
0.0960960960960961,0.8985610675830569,0.8654955656162356,0.9495142127544952
0.0970970970970971,0.8990185554227099,0.8656878841678339,0.9498866599867055
0.0980980980980981,0.899744934695688,0.8659658445638504,0.9501782179478625
0.0990990990990991,0.9004612295571683,0.8664835134428716,0.9502592685737837
0.10010010010010009,0.900909597640827,0.866838295899042,0.9503403062891015
0.1011011011011011,0.9013508490929122,0.8664007221646285,0.9504213310969006
0.1021021021021021,0.9017208649306312,0.8669222922357808,0.9505023430002646
0.1031031031031031,0.9021935180068693,0.8672080823284603,0.9505833420022759
0.1041041041041041,0.9025988997879862,0.8684884141126098,0.9506643281060161
0.10510510510510511,0.9034309175377948,0.8690272096263875,0.9507453013145661
0.1061061061061061,0.9040395652652659,0.8694971244196138,0.9508262616310055
0.10710710710710711,0.904759440920116,0.8699522577968135,0.9509072090584129
0.10810810810810811,0.9051469553314242,0.8711185638646574,0.9509881435998658
0.1091091091091091,0.9056619162280688,0.8723883415879395,0.951069065258441
0.11011011011011011,0.9059693926596322,0.8724598894804073,0.9511499740372147
0.1111111111111111,0.9064608247654788,0.8721494419449644,0.951230869939261
0.11211211211211211,0.907136110497547,0.8727485585826511,0.951311752967654
0.11311311311311312,0.9073911860500241,0.8743905706693779,0.9513926231254666
0.11411411411411411,0.9076536241425021,0.8756076036997369,0.9514734804157703
0.11511511511511512,0.9082027154177482,0.8764961065966,0.951554324841636
0.11611611611611611,0.9087739699515651,0.8768668115283839,0.9516351564061338
0.11711711711711711,0.9093959305653723,0.8776652433021371,0.951724327031765
0.11811811811811812,0.9094947579102539,0.8771100116351807,0.9518137937835779
0.11911911911911911,0.9095720698197103,0.8766766959916429,0.951903244780556
0.12012012012012012,0.9101313286781241,0.8774585021889566,0.9519926800268601
0.12112112112112113,0.9106759306480433,0.8777600597858978,0.95208209952665
0.12212212212212212,0.9110920368101496,0.8788010412973893,0.9521715032840841
0.12312312312312312,0.911560505705085,0.8792454071386154,0.9522608913033193
0.12412412412412413,0.911754981403119,0.8796940257205492,0.9523502635885108
0.12512512512512514,0.911992386117013,0.8804277773021675,0.9524396201438127
0.12612612612612611,0.912665755191785,0.8815367795430217,0.9525289609733769
0.12712712712712712,0.912893588555558,0.8817036507909477,0.9526182860813547
0.12812812812812813,0.9134102626998435,0.8818704635230286,0.9527075954718958
0.12912912912912913,0.9135002790465093,0.8820372177700385,0.952796889149148
0.13013013013013014,0.9141336065677128,0.8820781596100232,0.9528861671172578
0.13113113113113112,0.9146140917699187,0.8824810509433264,0.9529754293803705
0.13213213213213212,0.9148285709494025,0.8838436418292114,0.9530646759426298
0.13313313313313313,0.9154702226495357,0.8851118178981784,0.9531553886200138
0.13413413413413414,0.9160673411468115,0.8854062943051614,0.9532491765537867
0.13513513513513514,0.9166160559775879,0.8855661336056194,0.9533429471497317
0.13613613613613612,0.9170568268984567,0.8857259188473827,0.9534367004126559
0.13713713713713713,0.9176803479820365,0.885885650057871,0.9535304363473649
0.13813813813813813,0.9179374892358989,0.8864158952088682,0.9536241549586625
0.13913913913913914,0.9181335633137845,0.8869141684343488,0.95371785625135
0.14014014014014015,0.9183365758612507,0.8871842101438456,0.9538115402302281
0.14114114114114115,0.9185765151873067,0.8873821909400171,0.953905206900095
0.14214214214214213,0.9187003645905037,0.8875800886469748,0.9539988562657469
0.14314314314314314,0.9192072917867482,0.8879484905072677,0.9540924883319791
0.14414414414414414,0.9195892841750939,0.8885445686974929,0.9541861031035843
0.14514514514514515,0.9198665683589219,0.8887770340728248,0.954279700585354
0.14614614614614616,0.9201015615945207,0.8891315471439349,0.9543732807820774
0.14714714714714713,0.9202540188755909,0.8898878530966217,0.9544668436985425
0.14814814814814814,0.9204106935760826,0.8901428964787788,0.954560389339535
0.14914914914914915,0.9209526277049063,0.8908050211310512,0.9545139189609173
0.15015015015015015,0.9211242712274802,0.8905472883145398,0.9542566192087893
0.15115115115115116,0.9215067191888442,0.8909427289528843,0.9539992105284525
0.15215215215215216,0.9219135814327468,0.8911512941975633,0.9537416928271304
0.15315315315315314,0.9222782178681455,0.8913583417154884,0.9534840660119419
0.15415415415415415,0.9225865741668048,0.8915558475480728,0.9532263299899001
0.15515515515515516,0.9227748509495416,0.891753269850986,0.9529813691690445
0.15615615615615616,0.9229756671256814,0.8919985931776468,0.9530706183085229
0.15715715715715717,0.9233518961827859,0.8924253282284277,0.9531598516498597
0.15815815815815815,0.923865201040466,0.8928818829555958,0.9532490691972488
0.15915915915915915,0.9239666686601778,0.8931555425998331,0.9533382709548833
0.16016016016016016,0.9240432157054429,0.8933051245018008,0.9534274569269545
0.16116116116116116,0.9242047238874336,0.8934546583975143,0.9535166271176524
0.16216216216216217,0.9246387403678782,0.8936041443100804,0.953605781531165
0.16316316316316315,0.924993961420799,0.8937137709073549,0.9536949201716794
0.16416416416416416,0.9254816062157276,0.8938085894700201,0.9537840430433813
0.16516516516516516,0.9260843664740799,0.8939033887302485,0.9538731501504543
0.16616616616616617,0.9263556682544087,0.8939981686939336,0.9539622414970808
0.16716716716716717,0.9264079124946855,0.8940929293669665,0.9540513170874417
0.16816816816816815,0.9267643436059877,0.894187670755236,0.9541403769257172
0.16916916916916916,0.9272765895682712,0.8948197416733511,0.9542294210160844
0.17017017017017017,0.9276434724704283,0.895082297755141,0.9543184493627204
0.17117117117117117,0.9279478758418662,0.8953447056850387,0.9544074619698
0.17217217217217218,0.9282200651144744,0.8955415359792024,0.9545015768861159
0.17317317317317318,0.9286211913731846,0.8957258464976652,0.9546109210321273
0.17417417417417416,0.9292824033242801,0.8959100839465163,0.9547202414296732
0.17517517517517517,0.929667250364352,0.8960258866313547,0.9548295380864897
0.17617617617617617,0.9299152748052028,0.8961096821222204,0.9549388110103095
0.17717717717717718,0.9300012732356666,0.8961934625000708,0.9550480602088619
0.1781781781781782,0.9305958051988489,0.8962772277689943,0.9551572856898728
0.17917917917917917,0.931251371550288,0.8963609779330771,0.9552664874610649
0.18018018018018017,0.9313998505729787,0.8964447129964049,0.9553756655301577
0.18118118118118118,0.9314674691962482,0.8965284329630614,0.9554848199048667
0.18218218218218218,0.9315920161727962,0.8971632582841989,0.955593950592905
0.1831831831831832,0.9319845932738596,0.8974126126901103,0.9557030576019813
0.1841841841841842,0.9325377284937473,0.8976618331288607,0.9558121409398017
0.18518518518518517,0.9327995642153595,0.897888862884824,0.9559212006140688
0.18618618618618618,0.932924096199706,0.8981090860418549,0.9560336330768515
0.1871871871871872,0.9330713858618175,0.8983153553515653,0.9561493283204522
0.1881881881881882,0.9332402435140438,0.8984090548293979,0.9562649969363285
0.1891891891891892,0.9333236820268649,0.898502735364138,0.956380638933672
0.19019019019019018,0.9336558168779964,0.8985963969615295,0.9564962543216702
0.19119119119119118,0.9342458388940914,0.8986900396273139,0.9566118431095062
0.1921921921921922,0.934217759984436,0.8987836633672306,0.9567274053063591
0.1931931931931932,0.9343363924189425,0.8988772681870166,0.9568429409214037
0.1941941941941942,0.9344412351134787,0.8990162908551212,0.9569584499638103
0.19519519519519518,0.9345993678411892,0.8991631237882698,0.9570739324427453
0.1961961961961962,0.9348142203914038,0.8993099101706228,0.957189388367371
0.1971971971971972,0.9347958494205819,0.8994566500243141,0.9573048177468452
0.1981981981981982,0.9349542939786154,0.8999982814931002,0.9574202205903216
0.1991991991991992,0.9349621201914858,0.9003273446409141,0.957595087376095
0.20020020020020018,0.9350086655253498,0.9006216779205396,0.9578345245587134
0.2012012012012012,0.9350957755389334,0.9018426575784354,0.9580738475303855
0.2022022022022022,0.9353190858034977,0.9020124671494174,0.9583130563728094
0.2032032032032032,0.9354344955444145,0.9021822142720661,0.9585521511676054
0.2042042042042042,0.9357203048700192,0.9023518989808237,0.9587911319963156
0.20520520520520522,0.9356866519362826,0.9026106179580092,0.9591411351420444
0.2062062062062062,0.9357803015506138,0.9029335133053785,0.9600515618456422
0.2072072072072072,0.935892791571933,0.9035401840066829,0.9603061780891318
0.2082082082082082,0.9361007294953942,0.9038914121664131,0.9599078213690858
0.2092092092092092,0.9363926639096041,0.9042063620112634,0.959509193932207
0.21021021021021022,0.9365951650576338,0.9045460670025063,0.9591102954288562
0.2112112112112112,0.9367510114331525,0.9048191531251405,0.9589556257065165
0.2122122122122122,0.9369738298556897,0.9049146169192013,0.9592086602237837
0.2132132132132132,0.9371480663875649,0.9050100609111733,0.9594615661914168
0.21421421421421422,0.9373038391522847,0.9051054851072168,0.9597143437073514
0.21521521521521522,0.9373746273943834,0.90520088951349,0.9599669928694244
0.21621621621621623,0.9375945024564343,0.9052962741361487,0.9602195137753732
0.2172172172172172,0.937757730857385,0.9054194132884102,0.9605071069460153
0.2182182182182182,0.9378839052696842,0.9060465931969034,0.9608563111236058
0.21921921921921922,0.9380247611354339,0.9062942837481539,0.961205270109861
0.22022022022022023,0.938141954606071,0.9065418408366374,0.9615539841629294
0.22122122122122123,0.9385113627967399,0.9067569836533689,0.9619024535405972
0.2222222222222222,0.9386797155616791,0.9069663343217397,0.9620513125494405
0.22322322322322322,0.9389351749251554,0.9071755895691505,0.9621987971229711
0.22422422422422422,0.9392072461389359,0.9077759727048195,0.9623462378835592
0.22522522522522523,0.9392586170648116,0.9078605629668478,0.9624936348507253
0.22622622622622623,0.9396471599992074,0.9079451376305899,0.9626409880439777
0.2272272272272272,0.9397234712676047,0.9080296967003599,0.9627882974828135
0.22822822822822822,0.939786859305102,0.9081142401804702,0.9629355631867181
0.22922922922922923,0.9398447823165366,0.9081987680752317,0.9630827851751655
0.23023023023023023,0.9399493297287916,0.9082832803889535,0.9632299634676184
0.23123123123123124,0.9401455395601619,0.9083677771259433,0.9633770980835271
0.23223223223223222,0.940390242509014,0.9086782188055781,0.9633671236357013
0.23323323323323322,0.9406039982306912,0.9089946597182754,0.9632579800530033
0.23423423423423423,0.9405726224660079,0.909259589414934,0.9631488157207995
0.23523523523523523,0.9406498531259853,0.9095243659361236,0.9630396306318518
0.23623623623623624,0.9409051038229995,0.9093602400840967,0.9629304247789185
0.23723723723723725,0.9411466592438985,0.909104417485608,0.9628211981547548
0.23823823823823823,0.941092762949145,0.9088944619685595,0.9627119507521119
0.23923923923923923,0.9410462785765547,0.9099436509999769,0.9626026825637385
0.24024024024024024,0.9411131286754251,0.9103518467797275,0.9624933935823794
0.24124124124124124,0.941080920416514,0.9107168306544465,0.9623840838007759
0.24224224224224225,0.9410708750093109,0.9110497415743013,0.9622747532116663
0.24324324324324323,0.9411876980911725,0.9114215850678113,0.9621654018077854
0.24424424424424424,0.9413204692593452,0.9118588537501984,0.9620560295818644
0.24524524524524524,0.9413982199256613,0.9116381318324072,0.9619466365266316
0.24624624624624625,0.9413700436062533,0.911412317164558,0.9618372226348113
0.24724724724724725,0.9418527547595797,0.9111864238539568,0.961792723261683
0.24824824824824826,0.9419196368607576,0.9112718157436883,0.9618109794557728
0.24924924924924924,0.9422859488807263,0.9114363964041065,0.9618292349742406
0.2502502502502503,0.9423950919478964,0.9116009174518998,0.9618474898171238
0.25125125125125125,0.9426454155945589,0.9117552760333634,0.96186574398446
0.25225225225225223,0.942786677464935,0.9118374203273927,0.9618839974762867
0.25325325325325326,0.9428305312045503,0.9119195497618614,0.9619022502926412
0.25425425425425424,0.9428743809959111,0.9120016643408008,0.9619205024335613
0.2552552552552553,0.9430380977996854,0.9120837640682417,0.9619387538990843
0.25625625625625625,0.9432591759624449,0.9121658489482123,0.9619570046892477
0.25725725725725723,0.9435528452038151,0.9122479189847402,0.961975254804089
0.25825825825825827,0.9436139869165389,0.9123299741818515,0.9619935042436458
0.25925925925925924,0.9436651856528001,0.9125179212755397,0.9620117530079553
0.2602602602602603,0.9438930776123965,0.912741329887352,0.9620300010970552
0.26126126126126126,0.9439806719212035,0.9129608049863711,0.962048248510983
0.26226226226226224,0.9441080973068271,0.9130748520373239,0.962066495249776
0.26326326326326327,0.9442032964974241,0.9131888704081627,0.9620847413134719
0.26426426426426425,0.9442899216462275,0.9133028601097045,0.9621029867021079
0.2652652652652653,0.944505716490316,0.9134168211527615,0.9621212314157216
0.26626626626626626,0.944499460167076,0.9135307535481397,0.9621394754543506
0.26726726726726724,0.9443918216063596,0.913715632760896,0.9621577188180319
0.2682682682682683,0.9444416763429654,0.913929462442699,0.9621759615068035
0.26926926926926925,0.9445471820664847,0.9141431912311639,0.9621942035207025
0.2702702702702703,0.9444542998245018,0.9142905248156364,0.9622124448597665
0.27127127127127126,0.9445397586654125,0.9144276237455415,0.9622306855240328
0.27227227227227224,0.9446298379151695,0.9145646811698191,0.9622489255135392
0.2732732732732733,0.944647785072064,0.9147016971073144,0.9622671648283226
0.27427427427427425,0.9446790611694456,0.9153952324641826,0.962285403468421
0.2752752752752753,0.9447951565274165,0.9154527244907418,0.9623036414338714
0.27627627627627627,0.944881597528086,0.9155102092089005,0.9623218787247114
0.2772772772772773,0.9449857566060865,0.915567686620052,0.9623401153409783
0.2782782782782783,0.9452468478802676,0.9156251567255893,0.96235835128271
0.27927927927927926,0.9452561337272847,0.9156826195269056,0.9623765865499432
0.2802802802802803,0.9454445878859711,0.9157400750253929,0.9623948211427159
0.28128128128128127,0.9455032154908558,0.9157975232224433,0.9624130550610652
0.2822822822822823,0.9454299261930595,0.9158549641194489,0.9624312883050289
0.2832832832832833,0.9456284897227182,0.9159123977178006,0.9624495208746437
0.28428428428428426,0.9460061271711642,0.9159698240188897,0.9624677527699479
0.2852852852852853,0.946087336608992,0.915735466439485,0.9624859839909781
0.2862862862862863,0.9463575954740152,0.9153676569449019,0.9625042145377724
0.2872872872872873,0.9466286524295984,0.9158777978323699,0.9625224444103675
0.2882882882882883,0.9467011298336943,0.9159368853937131,0.9625406736088015
0.28928928928928926,0.9468771386881809,0.9159869010898885,0.9625589021331112
0.2902902902902903,0.9468620344588741,0.916036911235233,0.9625771299833344
0.2912912912912913,0.9468935512845568,0.9160869158306706,0.9625953571595082
0.2922922922922923,0.9468621608468416,0.916136914877125,0.9626135836616704
0.2932932932932933,0.9468307687590871,0.9161869083755201,0.9626318094898578
0.29429429429429427,0.9468044593230265,0.916236896326779,0.9626500346441083
0.2952952952952953,0.946843633233661,0.9162868787318249,0.9626682591244591
0.2962962962962963,0.9468828039650073,0.9163368555915808,0.9626864829309475
0.2972972972972973,0.94692273195548,0.9163868269069696,0.9627047060636108
0.2982982982982983,0.9469635180329803,0.9164367926789139,0.9627229285224868
0.29929929929929927,0.9470043006637101,0.916486752908336,0.9627411503076122
0.3003003003003003,0.947056851603558,0.9163698694771899,0.9627593714190249
0.3013013013013013,0.9471955106728374,0.9161947846525055,0.9627775918567623
0.3023023023023023,0.9470706156018758,0.9160196511316498,0.9627958116208613
0.3033033033033033,0.9469848910229536,0.9158444688871178,0.9628140307113595
0.30430430430430433,0.9472459712776693,0.9159489301203206,0.9628322491282945
0.3053053053053053,0.9471776766597488,0.9162352231581515,0.9628504668717032
0.3063063063063063,0.947229185538568,0.9164909071155154,0.9628686839416232
0.3073073073073073,0.9471835140317861,0.916711630000265,0.962886900338092
0.3083083083083083,0.9471100603321041,0.9169322444165143,0.9629051160611466
0.30930930930930933,0.9470005023169489,0.9166478173270002,0.9629233311108246
0.3103103103103103,0.9469308819866731,0.9156503180656888,0.9629415454871632
0.3113113113113113,0.9469787688422883,0.9159398101908648,0.9629597591901996
0.3123123123123123,0.9470266509314679,0.9164898326226332,0.9629779722199716
0.3133133133133133,0.9469775828350948,0.9168204922650183,0.962996184576516
0.31431431431431434,0.9469262817799334,0.9168904333467378,0.9630143962598705
0.3153153153153153,0.9467302399016359,0.9169603634667992,0.9630326072700723
0.3163163163163163,0.9467184946195828,0.9170302826277792,0.9630508176071587
0.3173173173173173,0.9467604892975472,0.9171001908322537,0.9630690272711669
0.3183183183183183,0.9468522809054337,0.917170088082798,0.9630872362621347
0.31931931931931934,0.9469519992805726,0.9172399743819861,0.9631054445800987
0.3203203203203203,0.9470446940708909,0.9173098497323922,0.9631236522250967
0.3213213213213213,0.9471252221247787,0.9173797141365885,0.9631418591971659
0.32232232232232233,0.9472047494505571,0.9174831694367483,0.9631600654963435
0.3233233233233233,0.9472400408671219,0.917595407482629,0.963178271122667
0.32432432432432434,0.9472753296894189,0.9177076172801173,0.9631964760761735
0.3253253253253253,0.9474096720496935,0.9178197988398763,0.9632146803569005
0.3263263263263263,0.9475059231655267,0.9179319521725637,0.9632328839648849
0.32732732732732733,0.9475536190108402,0.9180610695876805,0.9632510869001647
0.3283283283283283,0.9476515624862729,0.9182303109173912,0.9632692891627763
0.32932932932932935,0.9476416079328536,0.9183994879812722,0.9632874907527578
0.3303303303303303,0.9475931539778848,0.9185686008159225,0.9633056916701459
0.3313313313313313,0.947658851139048,0.9186797904714541,0.9632725840904987
0.33233233233233234,0.9478373272268622,0.9187595299108147,0.9631472698749776
0.3333333333333333,0.9478111700100305,0.9188392550724571,0.963021928141337
0.33433433433433435,0.9478276964320832,0.9189189659602155,0.9628965588786147
0.3353353353353353,0.9477780431281682,0.918998662577923,0.9627711620758426
0.3363363363363363,0.9477632038762347,0.9190783449294113,0.9626457377220466
0.33733733733733734,0.9478226052238631,0.9191580130185105,0.9625202858062472
0.3383383383383383,0.9479663828343932,0.9192376668490498,0.9623948063174583
0.33933933933933935,0.9480262322648179,0.9191757154788036,0.9622692992446892
0.34034034034034033,0.9478776490546403,0.9190965429461793,0.9621437645769422
0.34134134134134136,0.9479172407195721,0.9190173602256908,0.9620182023032139
0.34234234234234234,0.9482616700418558,0.9189381673147791,0.9618926124124958
0.3433433433433433,0.9485682810645565,0.918858964210884,0.9617669948937726
0.34434434434434436,0.9485771170904181,0.9187797509114445,0.9616764978613154
0.34534534534534533,0.9487687438180242,0.9187005274138987,0.9617717474401797
0.34634634634634637,0.9488521710001251,0.9186212937156841,0.9618669785104642
0.34734734734734735,0.9489233319664971,0.9185420498142373,0.9619621910775633
0.3483483483483483,0.9488700417637927,0.918643316446471,0.962057385146869
0.34934934934934936,0.9487861898075474,0.9188207585230024,0.9621525607237714
0.35035035035035034,0.9487554340440889,0.9189981296983234,0.9622477178136587
0.35135135135135137,0.9489097062323512,0.9192310165796918,0.9623428564219166
0.35235235235235235,0.948595038815091,0.9196675909854347,0.9624379765539288
0.3533533533533533,0.9486030018667964,0.9198543260292206,0.9625330782150772
0.35435435435435436,0.9487522578594582,0.9199764806058663,0.9626281614107414
0.35535535535535534,0.9486807081048154,0.9200986015329392,0.9627232261462989
0.3563563563563564,0.948772516015226,0.9202206888243414,0.9628182724271249
0.35735735735735735,0.9488705936712799,0.9203427424939673,0.962913300258593
0.35835835835835833,0.9489308037060442,0.9209167130815601,0.9630083096460745
0.35935935935935936,0.9489196643768077,0.9210615225147236,0.9631033005949385
0.36036036036036034,0.9488519522951211,0.9211313391556316,0.963198273110552
0.3613613613613614,0.9486546031439653,0.9212011447888752,0.9634483012457852
0.36236236236236236,0.9487518221310985,0.9212709394170574,0.9637010719669249
0.36336336336336333,0.9490405390059514,0.9213407230427808,0.9639537121262395
0.36436436436436437,0.9490959394462073,0.9214104956686466,0.9642062218248597
0.36536536536536535,0.949045480870785,0.9214802572972555,0.9644586011638122
0.3663663663663664,0.949072275767666,0.9215500079312072,0.9647108502440195
0.36736736736736736,0.9490758449132797,0.9216197475731008,0.9649268478050804
0.3683683683683684,0.9492215685876105,0.9220452980812573,0.9651373628070483
0.36936936936936937,0.9492620257566302,0.9216345391932446,0.9653477871096761
0.37037037037037035,0.9493024794762899,0.9215991056631954,0.965558120771567
0.3713713713713714,0.9493352149522719,0.9217166681365412,0.9657683638512745
0.37237237237237236,0.9493645811309557,0.9218341992873692,0.9659785164073006
0.3733733733733734,0.9493939454920344,0.9219516991281961,0.9661885784980977
0.3743743743743744,0.9495303814277366,0.922069167671531,0.9662452357176657
0.37537537537537535,0.9496882391764063,0.9221592287561279,0.9661526957801626
0.3763763763763764,0.9498521483247422,0.9222084474128341,0.9660601405089007
0.37737737737737737,0.9496054522711673,0.9222576605755468,0.9659675698994342
0.3783783783783784,0.9496786862896418,0.9223068682451858,0.9658749839473161
0.3793793793793794,0.9495729813681387,0.9223560704226708,0.9657823826480968
0.38038038038038036,0.9497631145225662,0.9224052671089211,0.9656897659973258
0.3813813813813814,0.9498882188280997,0.9224544583048562,0.9655971339905505
0.38238238238238237,0.9499937157986758,0.922503644011395,0.9655044866233167
0.3833833833833834,0.949989008016927,0.9225528242294561,0.9654118238911681
0.3843843843843844,0.9501063177696842,0.9226019989599583,0.9653191457896471
0.38538538538538536,0.950261453430543,0.92265116820382,0.9652264523142944
0.3863863863863864,0.95052750696528,0.9227003319619594,0.9651337434606486
0.38738738738738737,0.9505787799771326,0.9227494902352945,0.965041019224247
0.3883883883883884,0.9505384349808796,0.9228049758021974,0.9649482796006249
0.3893893893893894,0.9504980871579233,0.922863165693309,0.9648555245853158
0.39039039039039036,0.9505232308604855,0.9229213478995346,0.9647627541738519
0.3913913913913914,0.9506323614582056,0.9229795224223964,0.964669968361763
0.3923923923923924,0.9507206637690492,0.9230376892634168,0.9662552109430941
0.3933933933933934,0.9507658760980117,0.9230958484241165,0.9664138999035639
0.3943943943943944,0.9509931450011133,0.9231539999060169,0.9665725369091859
0.39539539539539537,0.9508961741167217,0.9232121437106389,0.9667311219854706
0.3963963963963964,0.9508631732123002,0.9232702798395023,0.9668896551579126
0.3973973973973974,0.9506202024838394,0.9233284082941273,0.9670481364519892
0.3983983983983984,0.950536286426871,0.9233865290760332,0.9672065658931611
0.3993993993993994,0.9506001387140358,0.9234869837111305,0.9673649435068727
0.40040040040040037,0.9507541742346515,0.9235899648763392,0.9675232693185513
0.4014014014014014,0.9508102569674004,0.923692921955137,0.9676815433536082
0.4024024024024024,0.9508861983724124,0.9237958549559732,0.9677106362932075
0.4034034034034034,0.9511924751143781,0.9238987638872934,0.9676600150021337
0.4044044044044044,0.9513263922358157,0.9240016487575389,0.9676093890582115
0.40540540540540543,0.951150360567884,0.9231648595596476,0.9675587584607108
0.4064064064064064,0.9510387678054042,0.9228517888444657,0.9675081232089013
0.4074074074074074,0.9510806653699538,0.9225724395229379,0.9674574833020523
0.4084084084084084,0.9510187499474589,0.9229311812613744,0.9674068387394332
0.4094094094094094,0.9509183916404712,0.9232020455344163,0.9673561895203132
0.41041041041041043,0.9510330704623166,0.9232701028623895,0.9673055356439614
0.4114114114114114,0.9510278349327602,0.9233381496099393,0.9672548771096465
0.4124124124124124,0.9509270670692564,0.923406185779533,0.9672042139166371
0.4134134134134134,0.9509470606063122,0.9234742113736368,0.9671535460642022
0.4144144144144144,0.9509975976062104,0.9235422263947164,0.96710287355161
0.41541541541541543,0.951043982646575,0.9236102308452365,0.9670521963781286
0.4164164164164164,0.9512433020595358,0.9236782247276613,0.967001514543026
0.4174174174174174,0.951161254848713,0.9237462080444537,0.9669508280455705
0.4184184184184184,0.9511564547682073,0.9238336578868409,0.9669001368850298
0.4194194194194194,0.9512592113542603,0.9241857385435844,0.9668494410606716
0.42042042042042044,0.9513186201517537,0.924398954957344,0.9667987405717631
0.4214214214214214,0.9515479650213521,0.9242590304792903,0.9667480354175719
0.4224224224224224,0.9514145013342367,0.9241190729158265,0.9666973255973652
0.42342342342342343,0.9513745673811639,0.9239790822526667,0.9666466111104097
0.4244244244244244,0.9513346306235317,0.9238390584755161,0.9665958919559727
0.42542542542542544,0.9513803667298291,0.9237325759294902,0.9665451681333204
0.4264264264264264,0.9513945260471852,0.9242919039335815,0.9664944396417199
0.4274274274274274,0.9514095997399794,0.9237518443633337,0.9664437064804374
0.42842842842842843,0.9513570588901208,0.9236630547505325,0.9663929686487391
0.4294294294294294,0.9513788076655675,0.9237435619767821,0.9663422261458914
0.43043043043043044,0.951376584047477,0.9238240542997178,0.9662914789711597
0.4314314314314314,0.9512910260562227,0.9239045317234775,0.9662407271238103
0.43243243243243246,0.9513570981843545,0.9239849942521976,0.9661899706031086
0.43343343343343343,0.951462943622021,0.924065441890013,0.9661392094083201
0.4344344344344344,0.9513482608100838,0.924145874641057,0.9660884435387102
0.43543543543543545,0.9513049086704821,0.9242262925094614,0.9660935191410724
0.4364364364364364,0.9513543486797905,0.9241431490634848,0.9661201305099483
0.43743743743743746,0.9512031041672168,0.9240473013599748,0.9661467404080236
0.43843843843843844,0.9511860445315379,0.9239514380552177,0.9661733488354204
0.4394394394394394,0.9511949387345907,0.9238555591446238,0.9661999557922605
0.44044044044044045,0.9512836536025153,0.9237596646236005,0.966226561278666
0.44144144144144143,0.9511354780077447,0.9236637544875544,0.9662531652947588
0.44244244244244246,0.9511480095751024,0.9235678287318898,0.9662797678406603
0.44344344344344344,0.9514910501177498,0.923641491328478,0.9663063689164928
0.4444444444444444,0.9516728577504523,0.9241354491530777,0.9663329685223782
0.44544544544544545,0.9516563192629182,0.9242009072790089,0.966359566658438
0.44644644644644643,0.951737817769937,0.9242663555169248,0.9663861633247944
0.44744744744744747,0.951787574788984,0.9243317938690655,0.966412758521569
0.44844844844844844,0.9517600845286002,0.9243972223376707,0.9664393522488834
0.4494494494494494,0.9517325929273925,0.9244626409249795,0.96646594450686
0.45045045045045046,0.9517050999852474,0.9245280496332301,0.9664925352956201
0.45145145145145144,0.9517359275613495,0.9245934484646602,0.9665191246152852
0.45245245245245247,0.9512008441248487,0.9246588374215066,0.9665457124659776
0.45345345345345345,0.9511582956833947,0.9247242165060059,0.9665722988478189
0.4544544544544544,0.9512863477449741,0.9247898014241236,0.9665988837609306
0.45545545545545546,0.9512465240328658,0.9248556471356,0.9666254672054347
0.45645645645645644,0.9510868576407238,0.9249214828340622,0.9666520491814526
0.4574574574574575,0.9510570964799707,0.9249873085217943,0.9666786296891061
0.45845845845845845,0.9509021872152673,0.9250531242010793,0.9667052087285168
0.45945945945945943,0.9509607602618917,0.9251189298741996,0.9667317862998067
0.46046046046046046,0.9509939158667488,0.925184725543437,0.966758362403097
0.46146146146146144,0.9510270690939064,0.9252505112110724,0.9667849370385094
0.4624624624624625,0.9512719364664715,0.9253162868793863,0.9668115102061656
0.46346346346346345,0.9513299298380805,0.9253820525506582,0.9668380819061873
0.46446446446446443,0.9512836186362192,0.9260427909689125,0.9668646521386959
0.46546546546546547,0.9512373036145275,0.9261832939127077,0.9668912209038131
0.46646646646646645,0.9510773255642657,0.9263237512032203,0.9669177882016601
0.4674674674674675,0.9510534204745971,0.9264641628626977,0.9669443540323589
0.46846846846846846,0.9510121167222582,0.9266045289133726,0.966970918396031
0.4694694694694695,0.9512202365227409,0.9266070760027811,0.9669974812927977
0.47047047047047047,0.9512681303314567,0.9265137720793849,0.9670240427227805
0.47147147147147145,0.9511875333692863,0.9264204531383939,0.967050602686101
0.4724724724724725,0.951077064177443,0.926327119175555,0.9670771611828807
0.47347347347347346,0.9511881485139783,0.926233770186613,0.967103718213241
0.4744744744744745,0.9511048679502694,0.9261404061673114,0.9671302737773033
0.4754754754754755,0.9509630394762741,0.9260470271133924,0.9671568278751892
0.47647647647647645,0.9509861479459583,0.9259536330205959,0.9671833805070199
0.4774774774774775,0.950654145566019,0.9251524828073823,0.9672099316729169
0.47847847847847846,0.950620560489885,0.9249171472155328,0.9672364813730018
0.4794794794794795,0.9506936135613703,0.9246817162095832,0.9672630296073956
0.4804804804804805,0.9508110594708485,0.9244168005879687,0.9672895763762198
0.48148148148148145,0.950861537198865,0.923526928129146,0.967316121679596
0.4824824824824825,0.9509386873870599,0.9232261596834921,0.9673426655176454
0.48348348348348347,0.9510436724782009,0.9225802035656073,0.9673692078904892
0.4844844844844845,0.9507515989085815,0.9221741596939111,0.9673957487982487
0.4854854854854855,0.9506480214918288,0.9221096358030606,0.9674222882410454
0.48648648648648646,0.9508051458430734,0.9220451047626442,0.9674488262190004
0.4874874874874875,0.950766035287877,0.9219805665712666,0.9674753627322352
0.48848848848848847,0.9507269219899258,0.9219160212275309,0.967501897780871
0.4894894894894895,0.9507491079146648,0.9218514687300409,0.9675284313650288
0.4904904904904905,0.9507617837500159,0.9217869090773991,0.9675549634848299
0.49149149149149146,0.9507362316950061,0.9217223422682086,0.967581494140396
0.4924924924924925,0.9507155517818842,0.921657768301071,0.9676080233318477
0.4934934934934935,0.9508184946572629,0.9215931871745888,0.9676345510593064
0.4944944944944945,0.9508582481131574,0.9215285988873632,0.9682209350208925
0.4954954954954955,0.9507997681209119,0.9213556147763148,0.9688775758431734
0.4964964964964965,0.9508494012329562,0.9209941819013233,0.9691522722248971
0.4974974974974975,0.9509701784028715,0.9206620807590349,0.9690450415442426
0.4984984984984985,0.9511478999796419,0.920395905513062,0.9689377896868565
0.4994994994994995,0.95105931494491,0.9201296087512199,0.9688305166457735
0.5005005005005005,0.9508934288122117,0.9199743862922478,0.9687232224140249
0.5015015015015015,0.9511756888063276,0.9199244982675286,0.968615906984639
0.5025025025025025,0.951043952545857,0.9198746059784717,0.968508570350641
0.5035035035035035,0.9510437190917863,0.9198247094244341,0.9684012125050532
0.5045045045045045,0.950983650495045,0.9197748086047728,0.9682938334408948
0.5055055055055055,0.9508883717706385,0.9197249035188454,0.9681864331511819
0.5065065065065065,0.9508235803834181,0.919674994166008,0.9680790116289273
0.5075075075075075,0.9507607330528677,0.9196250805456178,0.9679715688671411
0.5085085085085085,0.9508037670701549,0.9195751626570312,0.9678641048588303
0.5095095095095095,0.9507108156650594,0.9195252404996047,0.9677566195969987
0.5105105105105106,0.9505885045004598,0.9194753140726948,0.9676491130746466
0.5115115115115115,0.9504981910578989,0.9194253833756573,0.9675415852847722
0.5125125125125125,0.9503921496683263,0.9193754484078488,0.9660626227300979
0.5135135135135135,0.9503877434330747,0.9193255091686247,0.9663088071138509
0.5145145145145145,0.950246874739101,0.9192755656573414,0.9665548639464144
0.5155155155155156,0.949836263114601,0.9193619084376692,0.9668007933268917
0.5165165165165165,0.9497398365237493,0.9195463111580224,0.9670465953542833
0.5175175175175175,0.9495908431390653,0.9197306334004762,0.9672922701274869
0.5185185185185185,0.9494269656898823,0.9198977491621179,0.9673839183746172
0.5195195195195195,0.949008065400377,0.9199576142123247,0.9672893501610969
0.5205205205205206,0.9489857091084634,0.9200174707740852,0.9671947654016632
0.5215215215215215,0.9490217459586155,0.9200773188492049,0.9671001640915532
0.5225225225225225,0.9489299657402162,0.9201371584394882,0.9670055462260014
0.5235235235235235,0.9486735594069561,0.9201969895467397,0.9669109118002414
0.5245245245245245,0.9488097681204688,0.920256812172763,0.9668162608095041
0.5255255255255256,0.9486873144050121,0.9203166263193613,0.9667215932490187
0.5265265265265265,0.9486302318075153,0.9203764319883373,0.9666269091140134
0.5275275275275275,0.948708150054489,0.9204362291814931,0.9665322083997133
0.5285285285285285,0.9485200573621243,0.9204960179006307,0.9664374911013427
0.5295295295295295,0.9486405414871194,0.9205441411161822,0.9663427572141234
0.5305305305305306,0.9487747460556636,0.9200547028921482,0.9662480067332759
0.5315315315315315,0.9487062152725954,0.919704700245728,0.9661532396540186
0.5325325325325325,0.9487634983737006,0.9188042608946405,0.9660584559715677
0.5335335335335335,0.948878560104035,0.9185831549806953,0.9659636556811383
0.5345345345345345,0.9488590133479419,0.91836196447933,0.965868838777943
0.5355355355355356,0.9488119011846247,0.9181406893346712,0.965774005257193
0.5365365365365365,0.948689673628819,0.9177871304730195,0.9656766857615159
0.5375375375375375,0.9487685807090936,0.9173506566376654,0.9655781056963555
0.5385385385385385,0.9487616142945745,0.9171489145594085,0.9654795076825438
0.5395395395395395,0.9488328172319711,0.916975440574355,0.9653808917147014
0.5405405405405406,0.9486635725673822,0.9168019146056418,0.9652822577874477
0.5415415415415415,0.9486229743233681,0.9166283366263636,0.9651836058954001
0.5425425425425425,0.9485041228897686,0.9161709425882683,0.9650849360331726
0.5435435435435435,0.9483969853721214,0.9148232471364113,0.9649862481953785
0.5445445445445445,0.948098822077169,0.9142124652548919,0.9648875423766281
0.5455455455455456,0.947760902901147,0.9141191491282802,0.9647888185715301
0.5465465465465466,0.947821352360583,0.9140258180054409,0.9646900767746902
0.5475475475475475,0.9479428985165895,0.9139324718822078,0.9645913169807128
0.5485485485485485,0.9478492785731588,0.9138391107544139,0.9644925391842
0.5495495495495496,0.9477471687031714,0.9137457346178897,0.9643937433797509
0.5505505505505506,0.9473861694298701,0.913652343468465,0.9642949295619636
0.5515515515515516,0.9472537981501818,0.9135589373019674,0.9641960977254337
0.5525525525525525,0.9473216754867589,0.9135700668202693,0.9640972478647538
0.5535535535535535,0.9472522607692707,0.9136314903425832,0.9631282397799772
0.5545545545545546,0.9471923059246445,0.9136929046806425,0.9619129922371105
0.5555555555555556,0.9471379013015826,0.9137543098365066,0.9610985214135783
0.5565565565565566,0.9470469189760022,0.913815705812235,0.9606225027555838
0.5575575575575575,0.9469775500668233,0.9138770926098861,0.9605497686831103
0.5585585585585585,0.9468930332964325,0.9139384702315179,0.960477024890109
0.5595595595595596,0.9467664601653667,0.9139998386791872,0.96040427137444
0.5605605605605606,0.9465086772152845,0.9140611979549513,0.960331508133962
0.5615615615615616,0.946656139436018,0.9141225480608658,0.9602587351665339
0.5625625625625625,0.9467663419519212,0.9141150264005774,0.9601859524700137
0.5635635635635635,0.9466027342607359,0.9139390848995249,0.9601131600422586
0.5645645645645646,0.9458884923306485,0.9137630899440965,0.9600403578811251
0.5655655655655656,0.9452670357250599,0.91358704150637,0.9599675459844699
0.5665665665665666,0.9451714593459062,0.9134109395584039,0.9598947243501477
0.5675675675675675,0.9454044253627258,0.9117333108147097,0.9598218929760137
0.5685685685685685,0.9453927795176287,0.9114838654945326,0.959749051859922
0.5695695695695696,0.9450286370877683,0.9112343129639966,0.9596762009997262
0.5705705705705706,0.9448902031836588,0.9102532425669806,0.959603340393279
0.5715715715715716,0.9444943886906653,0.910052912983243,0.9595304700384328
0.5725725725725725,0.9446043357697328,0.9098525143587974,0.9594575899330395
0.5735735735735735,0.9444372959609526,0.9096520466526912,0.9593847000749497
0.5745745745745746,0.9443254159488884,0.9099879987284982,0.9593118004620141
0.5755755755755756,0.9444333054453669,0.9094662902280573,0.9592388910920824
0.5765765765765766,0.9443354650641588,0.9092142335577986,0.9591659719630033
0.5775775775775776,0.9442410089454663,0.9089620673739041,0.9590930430726261
0.5785785785785785,0.9435826740639036,0.9087097915949103,0.9590201044187979
0.5795795795795796,0.9433622705910463,0.9078132011904031,0.9589462205135856
0.5805805805805806,0.9431540016500101,0.9071871759708022,0.9588380936096544
0.5815815815815816,0.9430760002400399,0.9069755910581706,0.958729945259026
0.5825825825825826,0.9429963896604707,0.9067735444758842,0.95862177545469
0.5835835835835835,0.9429013434565482,0.9065714276955271,0.9585135841896331
0.5845845845845846,0.9424218406485539,0.9070232266727797,0.9584053714568381
0.5855855855855856,0.9424022259953398,0.9068298658829911,0.958297137249286
0.5865865865865866,0.9423148798727791,0.9066364406269523,0.958188881559954
0.5875875875875876,0.9423710955206197,0.906442950868051,0.9580806043818157
0.5885885885885885,0.9421423065761344,0.9062624603648558,0.9579723057078432
0.5895895895895896,0.9418374183566367,0.906180642011848,0.9578639855310039
0.5905905905905906,0.941682423417204,0.9060988121266191,0.957755643844263
0.5915915915915916,0.9413656587279072,0.9060169707063999,0.9576472806405827
0.5925925925925926,0.9412019470178961,0.90593511774842,0.9575388959129214
0.5935935935935935,0.941025344856641,0.9058532532499088,0.9574304896542355
0.5945945945945946,0.9407180389995127,0.9057713772080943,0.9573220618574774
0.5955955955955956,0.9405549178717139,0.905689489620204,0.9571061694622962
0.5965965965965966,0.9399944797068027,0.905607590483464,0.9564956513098907
0.5975975975975976,0.939544967222945,0.9055256797950997,0.9558844502467012
0.5985985985985985,0.9388335481450856,0.9058354970280238,0.9552854007723294
0.5995995995995996,0.9384624567907206,0.906017297718475,0.9547047673978158
0.6006006006006006,0.9381386472241395,0.905684293069751,0.954123517462707
0.6016016016016016,0.9378963779502214,0.9053343633139419,0.9536855717722754
0.6026026026026026,0.9376793541354776,0.9046550037080031,0.9534335956227044
0.6036036036036035,0.9371338536257423,0.9043838631385204,0.9531815035944278
0.6046046046046046,0.9368288462708535,0.9041531839044549,0.9529292955995268
0.6056056056056056,0.9366364473046386,0.9039224128900187,0.9526769715499942
0.6066066066066066,0.9366788903114015,0.9037305739907023,0.9524245313577335
0.6076076076076076,0.9367213290830672,0.9035703764382049,0.9521719749345589
0.6086086086086087,0.9366545519147561,0.9034101346566289,0.9522774572850535
0.6096096096096096,0.9363653457625014,0.9032498486252749,0.9526409900587236
0.6106106106106106,0.9364159423701777,0.903089518323431,0.9530042311456063
0.6116116116116116,0.9362530496567137,0.9023634137737353,0.9533671808966204
0.6126126126126126,0.9358224630659195,0.901986039214175,0.9535056411428726
0.6136136136136137,0.9358382277575465,0.9016739657778003,0.9529384045070917
0.6146146146146146,0.935634363296607,0.9010123232910681,0.9523705766858449
0.6156156156156156,0.9355031311219855,0.9002185849047807,0.9518327192860457
0.6166166166166166,0.9354897032060576,0.8997556030331966,0.9514294433284458
0.6176176176176176,0.9354459858580811,0.8994470845155401,0.9510258691177578
0.6186186186186187,0.9355770981343068,0.899137912758914,0.9506219962946113
0.6196196196196196,0.9350111677467527,0.8988128400496332,0.9502178244990588
0.6206206206206206,0.9347949029893353,0.8984875860027559,0.9494515466883972
0.6216216216216216,0.9346820855370845,0.8978597199461182,0.9486310412653435
0.6226226226226226,0.9344346556864246,0.8967155310634735,0.9478403187432204
0.6236236236236237,0.9343105019732726,0.8964461576176801,0.9470592419602777
0.6246246246246246,0.9342850378478204,0.8961766599491705,0.9472694187597621
0.6256256256256256,0.9341760084788333,0.8953450434860113,0.9481933671667698
0.6266266266266266,0.9340309416132104,0.8945579587632003,0.9479119467490912
0.6276276276276276,0.9338031023264863,0.8933066430409243,0.9476303806789049
0.6286286286286287,0.9333823406684936,0.8924116753165603,0.9473486688349615
0.6296296296296297,0.9330666457834434,0.8915004732235771,0.9470668110958773
0.6306306306306306,0.9327893634610649,0.8906646208069585,0.9467848073401337
0.6316316316316316,0.9326565115190925,0.8897831444332712,0.9465026574460768
0.6326326326326326,0.9324946339555247,0.8892322235764728,0.9463432886408842
0.6336336336336337,0.9325860186753946,0.8880980490444067,0.9461904658492221
0.6346346346346347,0.9323941594829945,0.888518913894427,0.9460376001889584
0.6356356356356356,0.932313495209002,0.88861647950015,0.94588469164075
0.6366366366366366,0.9322691846389802,0.8883904452735661,0.9457317401852409
0.6376376376376376,0.932224870473108,0.8881643240209787,0.9455787458030644
0.6386386386386387,0.9318585918910675,0.8879381156857037,0.9454257084748416
0.6396396396396397,0.93168188079016,0.8883564461263713,0.9452726281811822
0.6406406406406406,0.9316065236697205,0.8872495098133746,0.945119504902684
0.6416416416416416,0.9314919223008041,0.8852543429609628,0.9449663386199335
0.6426426426426426,0.9311608558185487,0.8842358223381309,0.9448131293135051
0.6436436436436437,0.93114122726159,0.8828999036857178,0.9462546897837224
0.6446446446446447,0.9310927447281709,0.8822108709530075,0.9455643568426461
0.6456456456456456,0.9305621988502016,0.8815135638733542,0.9448731429054181
0.6466466466466466,0.930349725533625,0.8798599399977782,0.9442933677162344
0.6476476476476476,0.9303577049791569,0.8792959457278356,0.9438187024656212
0.6486486486486487,0.9300149468879548,0.8785819711824485,0.9433436215767222
0.6496496496496497,0.9298622677700606,0.8762097706714872,0.9428681244716753
0.6506506506506506,0.9298695294104988,0.8757117392017743,0.9421558328083875
0.6516516516516516,0.929263464527625,0.876024173670106,0.9413737571895977
0.6526526526526526,0.9289047328335008,0.8758895430042876,0.9408399528454221
0.6536536536536537,0.928816299386123,0.8752467361813145,0.9405605872238113
0.6546546546546547,0.9287931160542933,0.8748188963022965,0.94028107814479
0.6556556556556556,0.9285715475041983,0.8737981251357582,0.9400014254913646
0.6566566566566566,0.9282554997536565,0.8721373324982857,0.9397216291464144
0.6576576576576576,0.9277716228166988,0.8705903103813308,0.9394416889926916
0.6586586586586587,0.9272263273566888,0.8697588903616305,0.9384149548621384
0.6596596596596597,0.9272160985713456,0.8681118859850716,0.9369306466045073
0.6606606606606606,0.9263958290176479,0.8690796960604837,0.9363975345629536
0.6616616616616616,0.9260772318857351,0.8687579652794766,0.9358639019099826
0.6626626626626626,0.9255355550146666,0.8684360588946851,0.9354758233224935
0.6636636636636637,0.9255243239526741,0.8680230244150062,0.9352376808020075
0.6646646646646647,0.9253750180266777,0.8675297796814799,0.9349994345841938
0.6656656656656657,0.9248933594128823,0.8662291651687971,0.934761084597298
0.6666666666666666,0.9244621601334637,0.8655226149859804,0.9345226307694996
0.6676676676676676,0.9239001067674527,0.8651361291236929,0.9342840730289114
0.6686686686686687,0.9229414842337825,0.8651964808876609,0.9340454113035803
0.6696696696696697,0.9225379898170619,0.8654670130905422,0.9338066455214864
0.6706706706706707,0.9221621536908647,0.8649459037709641,0.9326593850587214
0.6716716716716716,0.9217696876554717,0.864387257884263,0.9313443668745104
0.6726726726726726,0.921239625133902,0.8630259603160356,0.930014860084005
0.6736736736736737,0.9208075084447547,0.8624840419737432,0.929147935221758
0.6746746746746747,0.9203012493634897,0.860775471640583,0.9282893548092952
0.6756756756756757,0.9194853104891679,0.8594800271649408,0.9275957669101631
0.6766766766766766,0.9191092081006549,0.8591270420779994,0.9269013050610098
0.6776776776776777,0.9187097451410462,0.8587908217373281,0.9262765599825736
0.6786786786786787,0.9182159596524937,0.8585267594119798,0.9257500749799631
0.6796796796796797,0.9180929087241343,0.8582625795765038,0.9252230874568839
0.6806806806806807,0.9173974500519977,0.8579982821451047,0.9246955966500977
0.6816816816816816,0.9169596858733322,0.8568759632432099,0.9237600719965501
0.6826826826826827,0.91664378692046,0.8551821178858676,0.9228058995387147
0.6836836836836837,0.9164631309976844,0.8541461887462967,0.9224885974080465
0.6846846846846847,0.9161308393077284,0.8534841953953771,0.9221711134064601
0.6856856856856857,0.9155031857341956,0.8530200005888697,0.9218534473680288
0.6866866866866866,0.9149121822525675,0.8519026529598837,0.921535599126623
0.6876876876876877,0.9142028071178513,0.8516693741073946,0.9212175685159115
0.6886886886886887,0.9134078437259495,0.8514360041257399,0.9208969550255397
0.6896896896896897,0.9130434214690833,0.8512025429564347,0.9205663936564477
0.6906906906906907,0.9124452979825443,0.8502559260369467,0.9202356352543165
0.6916916916916916,0.9120123761219898,0.8491777796457542,0.9199046796321672
0.6926926926926927,0.9113204798570964,0.8485634412722992,0.9195735266027838
0.6936936936936937,0.9105052688617636,0.8481729584324132,0.9192421759787136
0.6946946946946947,0.9101939871360473,0.847782221002601,0.917674110718424
0.6956956956956957,0.90986930062761,0.8461936762320985,0.9152906823681988
0.6966966966966966,0.909535518531589,0.8449297336939345,0.9148866868465942
0.6976976976976977,0.9091900298153356,0.844589112937516,0.9144823985740067
0.6986986986986987,0.9089178258621973,0.8442482991007949,0.9140778172124325
0.6996996996996997,0.9085322947148846,0.8431344602181325,0.9136729424233474
0.7007007007007007,0.9076012766542848,0.8409232792791507,0.9148300102040823
0.7017017017017017,0.907176052722925,0.8398573015650886,0.9143412659520318
0.7027027027027027,0.9068144615609213,0.8393742271824245,0.9135176300312986
0.7037037037037037,0.9058643341053146,0.8380074390241333,0.9124273449388027
0.7047047047047047,0.9054652936819018,0.8364594278721027,0.9106805529365727
0.7057057057057057,0.904468165685118,0.8353796897427005,0.9103415497114462
0.7067067067067067,0.9037006034191063,0.8349390381826485,0.910002338379325
0.7077077077077077,0.9026355612356559,0.8343797403200397,0.9096629187425413
0.7087087087087087,0.9018897520273947,0.8336395284910105,0.909323290603177
0.7097097097097097,0.9009574070192196,0.8334016435923841,0.9061885987302343
0.7107107107107107,0.9000026104395883,0.8331636654952117,0.9033162508504748
0.7117117117117117,0.8988831757936495,0.8329255941392751,0.9015710380253574
0.7127127127127127,0.8983594452820968,0.8318840930319792,0.9008140620657532
0.7137137137137137,0.8977472799011066,0.8306720100694193,0.9001579902141537
0.7147147147147147,0.8970709365120808,0.8288074978345791,0.8995011457772453
0.7157157157157157,0.8960564851930709,0.8267304864497489,0.8985923230823152
0.7167167167167167,0.8946698376581014,0.8254491827725161,0.897669878808446
0.7177177177177178,0.8929982584639388,0.824893088351442,0.8949685263616023
0.7187187187187187,0.8919887306695252,0.823665522321446,0.8928771980063952
0.7197197197197197,0.8909723655552618,0.8211704655712612,0.8917980675367
0.7207207207207207,0.8904856163557346,0.8208011331070741,0.892818180902313
0.7217217217217217,0.8895137083405835,0.8194002453760398,0.8892812946635006
0.7227227227227228,0.8877455573563049,0.8188910786213904,0.888306604993243
0.7237237237237237,0.8874076410205956,0.8166858202407712,0.887330215548719
0.7247247247247247,0.885996021504687,0.8159661774576973,0.8861736713358218
0.7257257257257257,0.885052124816604,0.815228669150507,0.8849241911539217
0.7267267267267267,0.884300618556591,0.8145561183665967,0.8834225691551489
0.7277277277277278,0.8830270507310339,0.8137772940597249,0.8769504641834632
0.7287287287287287,0.8821615820541961,0.8125516271697275,0.8762113831953564
0.7297297297297297,0.8808146790289135,0.8110296561460169,0.8754713359080538
0.7307307307307307,0.8796396816232426,0.8091692120068429,0.8739851268192651
0.7317317317317317,0.8777975585457859,0.8084419899256599,0.8708315125572921
0.7327327327327328,0.8766780706252286,0.8078091227690025,0.8702166732559669
0.7337337337337337,0.8751244541786745,0.8048461400394147,0.869601168961652
0.7347347347347347,0.8737786451437668,0.8031104009804724,0.868829429124266
0.7357357357357357,0.8725074136322166,0.7998820992083857,0.867305113488888
0.7367367367367368,0.8705768838313944,0.799109717432189,0.863407520372892
0.7377377377377378,0.869379040810589,0.7985408047478958,0.8620130970124219
0.7387387387387387,0.8673009670147678,0.7952008160296481,0.8608778358472982
0.7397397397397397,0.8659633402844682,0.7934637505352405,0.8573633223059145
0.7407407407407407,0.8646758820738243,0.7900994809585392,0.8558643221326249
0.7417417417417418,0.8628184345531443,0.7877534386212314,0.8547925108424415
0.7427427427427428,0.8608377099618487,0.7865947289609726,0.8521671715056298
0.7437437437437437,0.8597683054188269,0.7845616265881385,0.8507204046577127
0.7447447447447447,0.8580516213765306,0.7827628568752382,0.8488685885401078
0.7457457457457457,0.8566423071670933,0.7804607531985704,0.8474444674312511
0.7467467467467468,0.8549311467657744,0.7776900917477502,0.846352842147564
0.7477477477477478,0.8529441799209905,0.7765034443529839,0.8424771173743469
0.7487487487487487,0.8510082484484897,0.7732148340118262,0.8392109240305324
0.7497497497497497,0.8488635091357114,0.7725792815148613,0.8348520994297159
0.7507507507507507,0.8460090813900749,0.7715343385937422,0.8340571368221569
0.7517517517517518,0.8443892939672186,0.7671479938840617,0.8332610970320197
0.7527527527527528,0.8428201381479679,0.7649289783626649,0.8260409821019796
0.7537537537537538,0.8413644668352337,0.762757403806744,0.8205490871836418
0.7547547547547547,0.8391263128782609,0.7619175817011163,0.8170027930046573
0.7557557557557557,0.8365750980596406,0.7613663924451681,0.812318660618464
0.7567567567567568,0.8348947641019596,0.7565988833856021,0.807480901021971
0.7577577577577578,0.832555564162267,0.7548514705682605,0.8044774716136253
0.7587587587587588,0.8302345040835398,0.7542499702306031,0.8023988589961891
0.7597597597597597,0.8275705138882098,0.7524447427402344,0.8028276121688189
0.7607607607607607,0.825036307440696,0.7506661583173164,0.7983795872158109
0.7617617617617618,0.8232805414457763,0.7488269231165777,0.7938624063176993
0.7627627627627628,0.8210004107415108,0.7479682624808983,0.7914110750272731
0.7637637637637638,0.8175290516225693,0.7448666982552763,0.7902220653399995
0.7647647647647647,0.8153735116569195,0.7440877515425505,0.7887860042550625
0.7657657657657657,0.8128992017565098,0.743827619953516,0.7829131961161935
0.7667667667667668,0.8099719505908798,0.7399668678197237,0.7674079700254033
0.7677677677677678,0.807309935831106,0.7379862371905346,0.7603974130613773
0.7687687687687688,0.8043035699540159,0.7358629878094842,0.7527865872023757
0.7697697697697697,0.8019336741663247,0.7334141215083737,0.7454115133963887
0.7707707707707707,0.7988265168358079,0.7311192953627861,0.7388874742380487
0.7717717717717718,0.7971830696543893,0.7270837124318861,0.727897780025455
0.7727727727727728,0.7953133240095605,0.7229344124151718,0.7212806857628382
0.7737737737737738,0.7924300311352388,0.720683209498616,0.7135625510326266
0.7747747747747747,0.7902329015488958,0.7197112905021028,0.7077980366404286
0.7757757757757757,0.7882385370568153,0.7155379717744532,0.69985684931382
0.7767767767767768,0.7853426152171815,0.7124875296014593,0.6961855578892133
0.7777777777777778,0.7828273481868657,0.7079447139175882,0.6922380868182112
0.7787787787787788,0.7789216336980206,0.7038427175505977,0.6755148480405833
0.7797797797797797,0.7761618544059694,0.697579663906512,0.6625741983697162
0.7807807807807807,0.7723745076934764,0.6907087254641585,0.6533212591141052
0.7817817817817818,0.7682596507435269,0.6790069137590112,0.64410510972523
0.7827827827827828,0.7639506104081134,0.6741551381985684,0.6365358862053361
0.7837837837837838,0.7587131859190818,0.6677020584810932,0.6324910741286387
0.7847847847847848,0.7546187347850211,0.6606394085272895,0.617676696512523
0.7857857857857857,0.7516188925387509,0.6524915302516476,0.6093194528971568
0.7867867867867868,0.7469367709217549,0.6505100940073829,0.6009494782893282
0.7877877877877878,0.7427079096954863,0.6427670330344839,0.588124513415431
0.7887887887887888,0.7366735345958394,0.6401549225379989,0.5815469840974161
0.7897897897897898,0.7326887004458508,0.6314570641277482,0.563827952490492
0.7907907907907907,0.7271852832904266,0.6277580569330594,0.5414752622779051
0.7917917917917918,0.7223372508771918,0.6216819179234183,0.5349214909546407
0.7927927927927928,0.7185575809607495,0.6144016715463214,0.527218887035016
0.7937937937937938,0.7129146453832869,0.6080937452593932,0.508865293758496
0.7947947947947948,0.7068993210752877,0.6026173323733989,0.4909837550110291
0.7957957957957957,0.7016023432210643,0.591480718448326,0.4747405924485608
0.7967967967967968,0.6967799369818173,0.5804369548134488,0.4576394305986031
0.7977977977977978,0.6930758207300887,0.576488687301018,0.45220288975154854
0.7987987987987988,0.6877689332202934,0.5736566255641963,0.450286189597943
0.7997997997997998,0.6815540872762743,0.5666042648321395,0.4455657020607689
0.8008008008008007,0.674660352815427,0.5643617040773976,0.4334877576150863
0.8018018018018018,0.6710005207313999,0.5485871535381095,0.4202605370942891
0.8028028028028028,0.6652514235856049,0.5410113659997181,0.41291816151418487
0.8038038038038038,0.6590753648179445,0.5365618667429739,0.4102776657022515
0.8048048048048048,0.6527056170974345,0.5319971182833463,0.39950683130673054
0.8058058058058059,0.6483339510956135,0.5233447151040118,0.38374619985244507
0.8068068068068068,0.6410822370834062,0.5167582450349794,0.37743605437122035
0.8078078078078078,0.637051540641643,0.5132806786804004,0.3658710991390055
0.8088088088088088,0.6305032115635396,0.5053227255217034,0.35990689268631054
0.8098098098098098,0.6222129863390468,0.49824254914559285,0.32729976088787166
0.8108108108108109,0.6178544652083086,0.49371440088928287,0.3226944408196177
0.8118118118118118,0.6122850072965232,0.48586049978228224,0.3207635498827668
0.8128128128128128,0.6062105679958433,0.47155397652185155,0.3163904643709008
0.8138138138138138,0.602389544510914,0.4671144279418223,0.303175914078075
0.8148148148148148,0.5932610159909621,0.46181093773989956,0.2927131498770545
0.8158158158158159,0.5857967919363551,0.45857844817272997,0.28835945579439426
0.8168168168168168,0.5804542702075625,0.44996612976300177,0.2796581683167618
0.8178178178178178,0.5745755057182428,0.43471440715343024,0.2661261261833513
0.8188188188188188,0.5693980192166523,0.42346158696593567,0.2617121087038912
0.8198198198198198,0.5622090235500062,0.41121468124981964,0.2515676429339653
0.8208208208208209,0.5547257807653033,0.39218588187864306,0.23434110801217511
0.8218218218218218,0.5453532064774099,0.3846629734995774,0.22925608976342807
0.8228228228228228,0.5390353646287168,0.37930976511748915,0.22696146479012688
0.8238238238238238,0.5309237562816758,0.3745379547451841,0.22508108770740995
0.8248248248248248,0.5241941099999042,0.3659741153969274,0.2221984513245659
0.8258258258258259,0.5172822066437408,0.3562116797859566,0.2089773604726109
0.8268268268268268,0.5098473617224045,0.34884767806682665,0.2000860577629808
0.8278278278278278,0.5019904622503839,0.3387695478089701,0.19641491282771203
0.8288288288288288,0.49427796401159285,0.3295814483287843,0.19494228110854858
0.8298298298298298,0.4870016410382411,0.31795765560684375,0.1934672426093046
0.8308308308308309,0.4780349430356578,0.30730623753476766,0.18517303048458644
0.8318318318318318,0.4692218913826219,0.3028070222435812,0.17523879130310843
0.8328328328328328,0.46250788579335056,0.2947784186788139,0.17030473889818484
0.8338338338338338,0.45424115696594514,0.28867936781513753,0.16694583422367273
0.8348348348348348,0.44692779961136897,0.2853109052114048,0.15575685888529212
0.8358358358358359,0.43959001525269686,0.2804637536976268,0.14786027983853176
0.8368368368368369,0.432208220359222,0.27689800075673116,0.14283938522376444
0.8378378378378378,0.42265719058121,0.2638601884089754,0.1361474310698754
0.8388388388388388,0.41467835316512075,0.2558676890792952,0.12823861621930066
0.8398398398398398,0.40389866362643156,0.24369115925206664,0.12533020896899572
0.8408408408408409,0.3949384590079959,0.23404583360776787,0.1236525707989622
0.8418418418418419,0.3877296065504208,0.22424711899582916,0.12197192730952561
0.8428428428428428,0.3782954608194187,0.2152500328962634,0.11349399061399468
0.8438438438438438,0.36824393628682645,0.19943777767417067,0.10891585137366118
0.8448448448448448,0.36185311723172636,0.1907609203271829,0.10513910533561042
0.8458458458458459,0.35203659018784755,0.18023252255481195,0.08559313512778932
0.8468468468468469,0.34022883223958605,0.16931513014258853,0.07854368913474354
0.8478478478478478,0.3348453259103419,0.16010581832832835,0.07396824631778448
0.8488488488488488,0.3277299051150582,0.152916925631629,0.07287116804938255
0.8498498498498498,0.31723243388086636,0.14561571689995906,0.07177283926506199
0.8508508508508509,0.30835621183834816,0.13422082341599553,0.07067325782548325
0.8518518518518519,0.2972825284347605,0.12272133274372014,0.06957242158642458
0.8528528528528528,0.28920523200353115,0.11227677365536336,0.06795138403426657
0.8538538538538538,0.28139046902651055,0.10556217650092843,0.05824139278186922
0.8548548548548548,0.27065677424250406,0.10383182045123174,0.05489366537372135
0.8558558558558559,0.2579092407683109,0.09729976774330884,0.05299764426106996
0.8568568568568569,0.2490692870261167,0.09163010269405117,0.051097923192696425
0.8578578578578578,0.24080449409022814,0.09100689935651382,0.049350681131146226
0.8588588588588588,0.23012178036670725,0.08358552351751444,0.047709851292737436
0.8598598598598598,0.22347817342330295,0.07631584373809926,0.0460662586930849
0.8608608608608609,0.21414318904409127,0.07484875522048255,0.04441989634857485
0.8618618618618619,0.20313384657845102,0.07118917447482849,0.04067741594471225
0.8628628628628628,0.19279646504230644,0.06568318895651355,0.037392861973603336
0.8638638638638638,0.18524588979824233,0.06031785586787754,0.03571539424850006
0.8648648648648649,0.17810391306723078,0.05772388212981853,0.03403505656022413
0.8658658658658659,0.16906796614212133,0.05363686437335363,0.03235184153718196
0.8668668668668669,0.15724363883231413,0.05197816242638636,0.02784986237350163
0.8678678678678678,0.14817443346807516,0.04783410588541408,0.025018977036753157
0.8688688688688688,0.14135568785183839,0.04542940246641577,0.02426806367188283
0.8698698698698699,0.13039144505566855,0.044124296862171467,0.023516579075848636
0.8708708708708709,0.12297520231802757,0.042445869126311896,0.022764522596586432
0.8718718718718719,0.11211245473301645,0.03767507963697594,0.02201189358103901
0.8728728728728729,0.10545434556402336,0.03574442300235154,0.02125869137515451
0.8738738738738738,0.09947318043198407,0.034716705474915115,0.020504915323884477
0.8748748748748749,0.09318878773751824,0.03125144771845997,0.01975056477118186
0.8758758758758759,0.0885665234789997,0.030692844734184415,0.01902988749887444
0.8768768768768769,0.0829773257793851,0.030133924669441953,0.018423412907736563
0.8778778778778779,0.07832965487695251,0.029574687254178805,0.017816566858122405
0.8788788788788788,0.07300499089885004,0.02901513221803443,0.017209349008656595
0.8798798798798799,0.06676116440511598,0.027585502114449646,0.016601759017545223
0.8808808808808809,0.061845734167051164,0.025013155708201378,0.015993796542575534
0.8818818818818819,0.05791603338196896,0.019871825513321326,0.015385461241114836
0.8828828828828829,0.053021956234758666,0.0173145835405437,0.014776752770110145
0.8838838838838838,0.05087746593768807,0.015559979861909618,0.014167670786087487
0.8848848848848849,0.045664442608282396,0.014696012256149535,0.013558214945151149
0.8858858858858859,0.04438490863295411,0.01383129202986577,0.01294838490298334
0.8868868868868869,0.041243583651925216,0.012980867461050852,0.012107724274872226
0.8878878878878879,0.03600070077364171,0.012182541645135887,0.011205175912904774
0.8888888888888888,0.033841617032412154,0.01138357408374509,0.010301807623652874
0.8898898898898899,0.02912285169063991,0.01058396400275299,0.009397618289304428
0.8908908908908909,0.026463491788574614,0.01017112246478705,0.008492606790014817
0.8918918918918919,0.024863282920263692,0.00978054401338215,0.007586772003901684
0.8928928928928929,0.022136898577202312,0.009389812200571902,0.006680112807040694
0.8938938938938938,0.01904457151559089,0.008998926936012074,0.0
0.8948948948948949,0.017697473955522864,0.008607888129287424,0.0
0.8958958958958959,0.015960424469830026,0.008216695689911787,0.0
0.8968968968968969,0.014759778949892433,0.007831185602497414,0.0
0.8978978978978979,0.013591902151860296,0.007465017003776592,0.0
0.8988988988988988,0.010835193831681411,0.0070987137738030455,0.0
0.8998998998998999,0.008689514747507109,0.006732275838312147,0.0
0.9009009009009009,0.007199404922640675,0.006365703122984761,0.0
0.9019019019019019,0.0057559757288623776,0.005998995553446942,0.0
0.9029029029029029,0.0038772793057449324,0.005632153055270061,0.0
0.9039039039039038,0.0035301842528786924,0.005261612042241801,0.0
0.9049049049049049,0.0023899946675709563,0.004825046688062212,0.0
0.9059059059059059,0.0019616242184975056,0.004388290200016865,0.0
0.9069069069069069,0.0016276126171351642,0.003951342452556969,0.0
0.9079079079079079,0.0014472542341249916,0.0035142033200238052,0.0
0.9089089089089089,0.0012920589779549243,0.0030768726766485475,0.0
0.9099099099099099,0.00123383779281716,0.0,0.0
0.9109109109109109,0.0011756132156829301,0.0,0.0
0.9119119119119119,0.0011173852462557908,0.0,0.0
0.9129129129129129,0.0010591538842392699,0.0,0.0
0.9139139139139139,0.0010009191293368599,0.0,0.0
0.914914914914915,0.0009426809812520133,0.0,0.0
0.9159159159159159,0.0008844394396881668,0.0,0.0
0.9169169169169169,0.0008243265784375102,0.0,0.0
0.9179179179179179,0.0007635694285591294,0.0,0.0
0.9189189189189189,0.000702808585615151,0.0,0.0
0.91991991991992,0.0006420440492688389,0.0,0.0
0.9209209209209209,0.0005812758191834363,0.0,0.0
0.9219219219219219,0.000520503895022125,0.0,0.0
0.9229229229229229,0.0004597282764480527,0.0,0.0
0.9239239239239239,0.0,0.0,0.0
0.924924924924925,0.0,0.0,0.0
0.9259259259259259,0.0,0.0,0.0
0.9269269269269269,0.0,0.0,0.0
0.9279279279279279,0.0,0.0,0.0
0.9289289289289289,0.0,0.0,0.0
0.92992992992993,0.0,0.0,0.0
0.9309309309309309,0.0,0.0,0.0
0.9319319319319319,0.0,0.0,0.0
0.9329329329329329,0.0,0.0,0.0
0.933933933933934,0.0,0.0,0.0
0.934934934934935,0.0,0.0,0.0
0.9359359359359359,0.0,0.0,0.0
0.9369369369369369,0.0,0.0,0.0
0.9379379379379379,0.0,0.0,0.0
0.938938938938939,0.0,0.0,0.0
0.93993993993994,0.0,0.0,0.0
0.9409409409409409,0.0,0.0,0.0
0.9419419419419419,0.0,0.0,0.0
0.9429429429429429,0.0,0.0,0.0
0.943943943943944,0.0,0.0,0.0
0.944944944944945,0.0,0.0,0.0
0.9459459459459459,0.0,0.0,0.0
0.9469469469469469,0.0,0.0,0.0
0.9479479479479479,0.0,0.0,0.0
0.948948948948949,0.0,0.0,0.0
0.94994994994995,0.0,0.0,0.0
0.950950950950951,0.0,0.0,0.0
0.9519519519519519,0.0,0.0,0.0
0.9529529529529529,0.0,0.0,0.0
0.953953953953954,0.0,0.0,0.0
0.954954954954955,0.0,0.0,0.0
0.955955955955956,0.0,0.0,0.0
0.9569569569569569,0.0,0.0,0.0
0.9579579579579579,0.0,0.0,0.0
0.958958958958959,0.0,0.0,0.0
0.95995995995996,0.0,0.0,0.0
0.960960960960961,0.0,0.0,0.0
0.9619619619619619,0.0,0.0,0.0
0.9629629629629629,0.0,0.0,0.0
0.963963963963964,0.0,0.0,0.0
0.964964964964965,0.0,0.0,0.0
0.965965965965966,0.0,0.0,0.0
0.9669669669669669,0.0,0.0,0.0
0.9679679679679679,0.0,0.0,0.0
0.968968968968969,0.0,0.0,0.0
0.96996996996997,0.0,0.0,0.0
0.970970970970971,0.0,0.0,0.0
0.9719719719719719,0.0,0.0,0.0
0.9729729729729729,0.0,0.0,0.0
0.973973973973974,0.0,0.0,0.0
0.974974974974975,0.0,0.0,0.0
0.975975975975976,0.0,0.0,0.0
0.9769769769769769,0.0,0.0,0.0
0.9779779779779779,0.0,0.0,0.0
0.978978978978979,0.0,0.0,0.0
0.97997997997998,0.0,0.0,0.0
0.980980980980981,0.0,0.0,0.0
0.9819819819819819,0.0,0.0,0.0
0.9829829829829829,0.0,0.0,0.0
0.983983983983984,0.0,0.0,0.0
0.984984984984985,0.0,0.0,0.0
0.985985985985986,0.0,0.0,0.0
0.986986986986987,0.0,0.0,0.0
0.9879879879879879,0.0,0.0,0.0
0.988988988988989,0.0,0.0,0.0
0.98998998998999,0.0,0.0,0.0
0.990990990990991,0.0,0.0,0.0
0.991991991991992,0.0,0.0,0.0
0.992992992992993,0.0,0.0,0.0
0.993993993993994,0.0,0.0,0.0
0.994994994994995,0.0,0.0,0.0
0.995995995995996,0.0,0.0,0.0
0.996996996996997,0.0,0.0,0.0
0.997997997997998,0.0,0.0,0.0
0.998998998998999,0.0,0.0,0.0
1.0,0.0,0.0,0.0
