confidence,person_recall,people_recall,cyclist_recall
0.0,0.9930404523705959,0.9642384105960264,1.0
0.001001001001001001,0.9930404523705959,0.9642384105960264,1.0
0.002002002002002002,0.9904306220095693,0.952317880794702,1.0
0.003003003003003003,0.987603305785124,0.9483443708609272,0.9967741935483871
0.004004004004004004,0.9856459330143541,0.9456953642384106,0.9967741935483871
0.005005005005005005,0.9847759895606786,0.9443708609271523,0.9967741935483871
0.006006006006006006,0.9834710743801653,0.9430463576158941,0.9967741935483871
0.007007007007007007,0.9832535885167464,0.9417218543046357,0.9967741935483871
0.008008008008008008,0.9828186167899087,0.9403973509933775,0.9967741935483871
0.009009009009009009,0.9808612440191388,0.9390728476821192,0.9967741935483871
0.01001001001001001,0.9806437581557199,0.9390728476821192,0.9967741935483871
0.011011011011011011,0.9802087864288821,0.9390728476821192,0.9967741935483871
0.012012012012012012,0.9795563288386255,0.937748344370861,0.9967741935483871
0.013013013013013013,0.97868638538495,0.9350993377483444,0.9967741935483871
0.014014014014014014,0.9778164419312745,0.9350993377483444,0.9967741935483871
0.015015015015015015,0.9775989560678556,0.9337748344370861,0.9967741935483871
0.016016016016016016,0.976946498477599,0.9337748344370861,0.9937116796268436
0.017017017017017015,0.9767290126141801,0.9337748344370861,0.9935483870967742
0.018018018018018018,0.9762940408873423,0.9337748344370861,0.9935483870967742
0.01901901901901902,0.9760765550239234,0.9337748344370861,0.9935483870967742
0.02002002002002002,0.9758590691605046,0.9337748344370861,0.9935483870967742
0.02102102102102102,0.9752066115702479,0.9337748344370861,0.9935483870967742
0.022022022022022022,0.9745541539799913,0.9337748344370861,0.9935483870967742
0.023023023023023025,0.9736842105263158,0.9337748344370861,0.9903225806451613
0.024024024024024024,0.9736842105263158,0.9337748344370861,0.9903225806451613
0.025025025025025023,0.973466724662897,0.9337748344370861,0.9903225806451613
0.026026026026026026,0.9730317529360591,0.9337748344370861,0.9903225806451613
0.02702702702702703,0.9725967812092214,0.9337748344370861,0.9903225806451613
0.028028028028028028,0.97252078489403,0.9337748344370861,0.9903225806451613
0.029029029029029027,0.9721618094823836,0.9324503311258279,0.9903225806451613
0.03003003003003003,0.9719443236189648,0.9324503311258279,0.9903225806451613
0.031031031031031032,0.9712918660287081,0.9324503311258279,0.9903225806451613
0.03203203203203203,0.9712918660287081,0.9311258278145695,0.9877527015505086
0.03303303303303303,0.9712918660287081,0.928476821192053,0.9870967741935484
0.03403403403403403,0.9708568943018704,0.928476821192053,0.9870967741935484
0.035035035035035036,0.9706394084384515,0.928476821192053,0.9870967741935484
0.036036036036036036,0.9702044367116137,0.928476821192053,0.9870967741935484
0.037037037037037035,0.9702044367116137,0.928476821192053,0.9870967741935484
0.03803803803803804,0.9702044367116137,0.928476821192053,0.9870967741935484
0.03903903903903904,0.9699869508481949,0.928476821192053,0.9870967741935484
0.04004004004004004,0.9699869508481949,0.928476821192053,0.9870967741935484
0.04104104104104104,0.9699869508481949,0.928476821192053,0.9870967741935484
0.04204204204204204,0.969769464984776,0.928476821192053,0.9870967741935484
0.043043043043043044,0.969769464984776,0.928476821192053,0.9870967741935484
0.044044044044044044,0.969769464984776,0.928476821192053,0.9870967741935484
0.04504504504504504,0.969769464984776,0.928476821192053,0.9870967741935484
0.04604604604604605,0.969769464984776,0.928476821192053,0.9870967741935484
0.04704704704704705,0.969769464984776,0.928476821192053,0.9838709677419355
0.04804804804804805,0.9695519791213572,0.928476821192053,0.9838709677419355
0.04904904904904905,0.9695519791213572,0.928476821192053,0.9838709677419355
0.050050050050050046,0.9695519791213572,0.9271523178807947,0.9838709677419355
0.05105105105105105,0.9695519791213572,0.9271523178807947,0.9838709677419355
0.05205205205205205,0.9695519791213572,0.9271523178807947,0.9838709677419355
0.05305305305305305,0.9695519791213572,0.9271523178807947,0.9838709677419355
0.05405405405405406,0.9693344932579382,0.9271523178807947,0.9838709677419355
0.055055055055055056,0.9691170073945193,0.9271523178807947,0.9838709677419355
0.056056056056056056,0.9691170073945193,0.9258278145695364,0.9838709677419355
0.057057057057057055,0.9691170073945193,0.9258278145695364,0.9838709677419355
0.058058058058058054,0.9689894108975924,0.9258278145695364,0.9838709677419355
0.05905905905905906,0.9688995215311005,0.9258278145695364,0.9838709677419355
0.06006006006006006,0.9688995215311005,0.9258278145695364,0.9838709677419355
0.06106106106106106,0.9688995215311005,0.9258278145695364,0.9838709677419355
0.062062062062062065,0.9686820356676816,0.9258278145695364,0.9838709677419355
0.06306306306306306,0.9684645498042628,0.9258278145695364,0.9838709677419355
0.06406406406406406,0.9682470639408438,0.9245033112582781,0.9838709677419355
0.06506506506506507,0.968029578077425,0.9245033112582781,0.9838709677419355
0.06606606606606606,0.968029578077425,0.9245033112582781,0.9838709677419355
0.06706706706706707,0.968029578077425,0.9245033112582781,0.9838709677419355
0.06806806806806806,0.9678120922140061,0.9245033112582781,0.9838709677419355
0.06906906906906907,0.9678120922140061,0.9245033112582781,0.9838709677419355
0.07007007007007007,0.9678120922140061,0.9245033112582781,0.9838709677419355
0.07107107107107107,0.9678120922140061,0.9245033112582781,0.9838709677419355
0.07207207207207207,0.9675946063505872,0.9245033112582781,0.9838709677419355
0.07307307307307308,0.9671596346237494,0.9231788079470199,0.9838709677419355
0.07407407407407407,0.9671596346237494,0.9231788079470199,0.9838709677419355
0.07507507507507508,0.9671596346237494,0.9231788079470199,0.9838709677419355
0.07607607607607608,0.9667246628969117,0.9231788079470199,0.9838709677419355
0.07707707707707707,0.9667246628969117,0.9231788079470199,0.9838709677419355
0.07807807807807808,0.9667246628969117,0.9231788079470199,0.9838709677419355
0.07907907907907907,0.9667246628969117,0.9231788079470199,0.9838709677419355
0.08008008008008008,0.9667246628969117,0.9231788079470199,0.9838709677419355
0.08108108108108109,0.9667246628969117,0.9231788079470199,0.9838709677419355
0.08208208208208208,0.9667246628969117,0.9231788079470199,0.9838709677419355
0.08308308308308308,0.9667246628969117,0.9231788079470199,0.9838709677419355
0.08408408408408408,0.9665071770334929,0.9231788079470199,0.9838709677419355
0.08508508508508508,0.966072205306655,0.9231788079470199,0.9838709677419355
0.08608608608608609,0.966072205306655,0.9231788079470199,0.9838709677419355
0.08708708708708708,0.966072205306655,0.9231788079470199,0.9838709677419355
0.08808808808808809,0.9658865258967387,0.9231788079470199,0.9838709677419355
0.0890890890890891,0.9658547194432362,0.9231788079470199,0.9838709677419355
0.09009009009009009,0.9658547194432362,0.9231788079470199,0.9838709677419355
0.09109109109109109,0.9658547194432362,0.9231788079470199,0.9838709677419355
0.0920920920920921,0.9658547194432362,0.9231788079470199,0.9838709677419355
0.09309309309309309,0.9656372335798173,0.9231788079470199,0.9838709677419355
0.0940940940940941,0.9656372335798173,0.9231788079470199,0.9838709677419355
0.09509509509509509,0.9656372335798173,0.9231788079470199,0.9838709677419355
0.0960960960960961,0.9656372335798173,0.9231788079470199,0.9838709677419355
0.0970970970970971,0.9654197477163984,0.9231788079470199,0.9838709677419355
0.0980980980980981,0.9652022618529795,0.9231788079470199,0.9838709677419355
0.0990990990990991,0.9652022618529795,0.9231788079470199,0.9838709677419355
0.10010010010010009,0.9652022618529795,0.9231788079470199,0.9838709677419355
0.1011011011011011,0.9652022618529795,0.922211842919471,0.9838709677419355
0.1021021021021021,0.9652022618529795,0.9218543046357616,0.9838709677419355
0.1031031031031031,0.9652022618529795,0.9218543046357616,0.9838709677419355
0.1041041041041041,0.9652022618529795,0.9218543046357616,0.9838709677419355
0.10510510510510511,0.9652022618529795,0.9218543046357616,0.9838709677419355
0.1061061061061061,0.9652022618529795,0.9218543046357616,0.9838709677419355
0.10710710710710711,0.9649847759895607,0.9218543046357616,0.9838709677419355
0.10810810810810811,0.9649847759895607,0.9218543046357616,0.9838709677419355
0.1091091091091091,0.9649847759895607,0.9218543046357616,0.9838709677419355
0.11011011011011011,0.9649847759895607,0.9213533892190844,0.9838709677419355
0.1111111111111111,0.9647672901261418,0.9205298013245033,0.9838709677419355
0.11211211211211211,0.964332318399304,0.9205298013245033,0.9838709677419355
0.11311311311311312,0.9641148325358851,0.9205298013245033,0.9838709677419355
0.11411411411411411,0.9641148325358851,0.9205298013245033,0.9838709677419355
0.11511511511511512,0.9641148325358851,0.9205298013245033,0.9838709677419355
0.11611611611611611,0.9641148325358851,0.9205298013245033,0.9838709677419355
0.11711711711711711,0.9638973466724663,0.9197557874489859,0.9838709677419355
0.11811811811811812,0.9636798608090474,0.9187194250515787,0.9838709677419355
0.11911911911911911,0.9636798608090474,0.9178807947019868,0.9838709677419355
0.12012012012012012,0.9636798608090474,0.9178807947019868,0.9838709677419355
0.12112112112112113,0.9636798608090474,0.9178807947019868,0.9838709677419355
0.12212212212212212,0.9636798608090474,0.9178807947019868,0.9838709677419355
0.12312312312312312,0.9636798608090474,0.9178807947019868,0.9838709677419355
0.12412412412412413,0.9636798608090474,0.9178807947019868,0.9838709677419355
0.12512512512512514,0.9636798608090474,0.9165562913907285,0.9838709677419355
0.12612612612612611,0.9636798608090474,0.9165562913907285,0.9838709677419355
0.12712712712712712,0.9634623749456286,0.9165562913907285,0.9838709677419355
0.12812812812812813,0.9634623749456286,0.9165562913907285,0.9838709677419355
0.12912912912912913,0.9634623749456286,0.9165562913907285,0.9838709677419355
0.13013013013013014,0.9634623749456286,0.9154883020924321,0.9838709677419355
0.13113113113113112,0.9632448890822096,0.9152317880794701,0.9838709677419355
0.13213213213213212,0.9632448890822096,0.9152317880794701,0.9838709677419355
0.13313313313313313,0.9632448890822096,0.9152317880794701,0.9838709677419355
0.13413413413413414,0.9632448890822096,0.9152317880794701,0.9838709677419355
0.13513513513513514,0.9632448890822096,0.9152317880794701,0.9838709677419355
0.13613613613613612,0.9632448890822096,0.9152317880794701,0.9838709677419355
0.13713713713713713,0.9632448890822096,0.9152317880794701,0.9838709677419355
0.13813813813813813,0.9632448890822096,0.9152317880794701,0.9838709677419355
0.13913913913913914,0.9632448890822096,0.9152317880794701,0.9838709677419355
0.14014014014014015,0.9632448890822096,0.9152317880794701,0.9838709677419355
0.14114114114114115,0.9632448890822096,0.9152317880794701,0.9838709677419355
0.14214214214214213,0.9630274032187908,0.9152317880794701,0.9838709677419355
0.14314314314314314,0.9630274032187908,0.9152317880794701,0.9838709677419355
0.14414414414414414,0.9630274032187908,0.9152317880794701,0.9838709677419355
0.14514514514514515,0.9630274032187908,0.9139072847682119,0.9838709677419355
0.14614614614614616,0.9630274032187908,0.9139072847682119,0.9838709677419355
0.14714714714714713,0.9630274032187908,0.9139072847682119,0.9838709677419355
0.14814814814814814,0.9630274032187908,0.9139072847682119,0.9838709677419355
0.14914914914914915,0.9630274032187908,0.9137365228321733,0.9836685852061827
0.15015015015015015,0.9630274032187908,0.9125827814569536,0.9831615447936304
0.15115115115115116,0.9630274032187908,0.9125827814569536,0.982654504381078
0.15215215215215216,0.9628099173553719,0.9125827814569536,0.9821474639685256
0.15315315315315314,0.9628099173553719,0.9125827814569536,0.9816404235559733
0.15415415415415415,0.9628099173553719,0.9125827814569536,0.9811333831434209
0.15515515515515516,0.9628099173553719,0.9125827814569536,0.9806451612903225
0.15615615615615616,0.9628099173553719,0.9125827814569536,0.9806451612903225
0.15715715715715717,0.9628099173553719,0.9125827814569536,0.9806451612903225
0.15815815815815815,0.9628099173553719,0.9125827814569536,0.9806451612903225
0.15915915915915915,0.9628099173553719,0.9125827814569536,0.9806451612903225
0.16016016016016016,0.9628099173553719,0.9125827814569536,0.9806451612903225
0.16116116116116116,0.9628099173553719,0.9125827814569536,0.9806451612903225
0.16216216216216217,0.9628099173553719,0.9125827814569536,0.9806451612903225
0.16316316316316315,0.9628099173553719,0.9125827814569536,0.9806451612903225
0.16416416416416416,0.9628099173553719,0.9125827814569536,0.9806451612903225
0.16516516516516516,0.9628099173553719,0.9125827814569536,0.9806451612903225
0.16616616616616617,0.9628099173553719,0.9125827814569536,0.9806451612903225
0.16716716716716717,0.9628099173553719,0.9125827814569536,0.9806451612903225
0.16816816816816815,0.9628099173553719,0.9125827814569536,0.9806451612903225
0.16916916916916916,0.9628099173553719,0.9125827814569536,0.9806451612903225
0.17017017017017017,0.9628099173553719,0.9125827814569536,0.9806451612903225
0.17117117117117117,0.9628099173553719,0.9125827814569536,0.9806451612903225
0.17217217217217218,0.9628099173553719,0.9125827814569536,0.9806451612903225
0.17317317317317318,0.9625924314919531,0.9125827814569536,0.9806451612903225
0.17417417417417416,0.9625924314919531,0.9125827814569536,0.9806451612903225
0.17517517517517517,0.9625924314919531,0.9125827814569536,0.9806451612903225
0.17617617617617617,0.9625924314919531,0.9125827814569536,0.9806451612903225
0.17717717717717718,0.9623749456285341,0.9125827814569536,0.9806451612903225
0.1781781781781782,0.9623749456285341,0.9125827814569536,0.9806451612903225
0.17917917917917917,0.9623749456285341,0.9125827814569536,0.9806451612903225
0.18018018018018017,0.9623749456285341,0.9125827814569536,0.9806451612903225
0.18118118118118118,0.9623749456285341,0.9125827814569536,0.9806451612903225
0.18218218218218218,0.9621574597651152,0.9125827814569536,0.9806451612903225
0.1831831831831832,0.9621574597651152,0.9125827814569536,0.9806451612903225
0.1841841841841842,0.9621407467608267,0.9125827814569536,0.9806451612903225
0.18518518518518517,0.9619399739016964,0.9125827814569536,0.9806451612903225
0.18618618618618618,0.9619399739016964,0.9125827814569536,0.9806451612903225
0.1871871871871872,0.9619399739016964,0.9125827814569536,0.9806451612903225
0.1881881881881882,0.9619399739016964,0.9125827814569536,0.9806451612903225
0.1891891891891892,0.9619399739016964,0.9125827814569536,0.9806451612903225
0.19019019019019018,0.9619399739016964,0.9125827814569536,0.9806451612903225
0.19119119119119118,0.9619399739016964,0.9125827814569536,0.9806451612903225
0.1921921921921922,0.9617713685151982,0.9125827814569536,0.9806451612903225
0.1931931931931932,0.9617224880382775,0.9125827814569536,0.9806451612903225
0.1941941941941942,0.9617224880382775,0.9125827814569536,0.9806451612903225
0.19519519519519518,0.9617224880382775,0.9125827814569536,0.9806451612903225
0.1961961961961962,0.9617224880382775,0.9125827814569536,0.9806451612903225
0.1971971971971972,0.9615050021748587,0.9125827814569536,0.9806451612903225
0.1981981981981982,0.9615050021748587,0.9125827814569536,0.9806451612903225
0.1991991991991992,0.9613011668989175,0.9125827814569536,0.9806451612903225
0.20020020020020018,0.9610700304480209,0.9125827814569536,0.9806451612903225
0.2012012012012012,0.9610700304480209,0.9125827814569536,0.9806451612903225
0.2022022022022022,0.9610700304480209,0.9125827814569536,0.9806451612903225
0.2032032032032032,0.9610700304480209,0.9125827814569536,0.9806451612903225
0.2042042042042042,0.9610451572151988,0.9125827814569536,0.9806451612903225
0.20520520520520522,0.960852544584602,0.9125827814569536,0.9806451612903225
0.2062062062062062,0.960852544584602,0.9125827814569536,0.9806451612903225
0.2072072072072072,0.960852544584602,0.9125827814569536,0.9802537017678925
0.2082082082082082,0.960852544584602,0.9125827814569536,0.9794718597283814
0.2092092092092092,0.960852544584602,0.9125827814569536,0.9786900176888703
0.21021021021021022,0.9606350587211832,0.9125827814569536,0.9779081756493593
0.2112112112112112,0.9606350587211832,0.9125827814569536,0.9774193548387097
0.2122122122122122,0.9606350587211832,0.9125827814569536,0.9774193548387097
0.2132132132132132,0.9606350587211832,0.9125827814569536,0.9774193548387097
0.21421421421421422,0.9606350587211832,0.9125827814569536,0.9774193548387097
0.21521521521521522,0.9606350587211832,0.9125827814569536,0.9774193548387097
0.21621621621621623,0.9606350587211832,0.9125827814569536,0.9774193548387097
0.2172172172172172,0.9606350587211832,0.9125827814569536,0.9774193548387097
0.2182182182182182,0.9604175728577642,0.9125827814569536,0.9774193548387097
0.21921921921921922,0.9604175728577642,0.9125827814569536,0.9774193548387097
0.22022022022022023,0.9604175728577642,0.9125827814569536,0.9774193548387097
0.22122122122122123,0.9604175728577642,0.9125827814569536,0.9774193548387097
0.2222222222222222,0.9604175728577642,0.9125827814569536,0.9774193548387097
0.22322322322322322,0.9604175728577642,0.9125827814569536,0.9774193548387097
0.22422422422422422,0.9604175728577642,0.9125827814569536,0.9774193548387097
0.22522522522522523,0.9604175728577642,0.9125827814569536,0.9774193548387097
0.22622622622622623,0.9602000869943453,0.9125827814569536,0.9774193548387097
0.2272272272272272,0.9602000869943453,0.9125827814569536,0.9774193548387097
0.22822822822822822,0.9602000869943453,0.9125827814569536,0.9774193548387097
0.22922922922922923,0.9602000869943453,0.9125827814569536,0.9774193548387097
0.23023023023023023,0.9602000869943453,0.9125827814569536,0.9774193548387097
0.23123123123123124,0.9602000869943453,0.9125827814569536,0.9774193548387097
0.23223223223223222,0.9602000869943453,0.9125827814569536,0.9772884315670437
0.23323323323323322,0.9602000869943453,0.9125827814569536,0.9770748659625814
0.23423423423423423,0.9599826011309265,0.9125827814569536,0.976861300358119
0.23523523523523523,0.9599826011309265,0.9125827814569536,0.9766477347536567
0.23623623623623624,0.9599826011309265,0.9121951230739401,0.9764341691491943
0.23723723723723725,0.9599826011309265,0.9117246502079503,0.9762206035447321
0.23823823823823823,0.9597651152675076,0.9112582781456954,0.9760070379402697
0.23923923923923923,0.9595476294040888,0.9112582781456954,0.9757934723358074
0.24024024024024024,0.9595476294040888,0.9112582781456954,0.975579906731345
0.24124124124124124,0.9593301435406698,0.9112582781456954,0.9753663411268827
0.24224224224224225,0.959112657677251,0.9112582781456954,0.9751527755224203
0.24324324324324323,0.959112657677251,0.9112582781456954,0.974939209917958
0.24424424424424424,0.959112657677251,0.9112582781456954,0.9747256443134956
0.24524524524524524,0.959112657677251,0.9108469008047926,0.9745120787090333
0.24624624624624625,0.9588951718138321,0.9104323874016542,0.9742985131045709
0.24724724724724725,0.9588181978138558,0.9100178739985159,0.9741935483870968
0.24824824824824826,0.9584602000869944,0.909933774834437,0.9741935483870968
0.24924924924924924,0.9584602000869944,0.909933774834437,0.9741935483870968
0.2502502502502503,0.9584602000869944,0.909933774834437,0.9741935483870968
0.25125125125125125,0.9584602000869944,0.909933774834437,0.9741935483870968
0.25225225225225223,0.9584602000869944,0.909933774834437,0.9741935483870968
0.25325325325325326,0.9584602000869944,0.909933774834437,0.9741935483870968
0.25425425425425424,0.9584602000869944,0.909933774834437,0.9741935483870968
0.2552552552552553,0.9582427142235754,0.909933774834437,0.9741935483870968
0.25625625625625625,0.9582427142235754,0.909933774834437,0.9741935483870968
0.25725725725725723,0.9582427142235754,0.909933774834437,0.9741935483870968
0.25825825825825827,0.9582427142235754,0.909933774834437,0.9741935483870968
0.25925925925925924,0.9582427142235754,0.909933774834437,0.9741935483870968
0.2602602602602603,0.9582427142235754,0.909933774834437,0.9741935483870968
0.26126126126126126,0.9582427142235754,0.909933774834437,0.9741935483870968
0.26226226226226224,0.9582427142235754,0.909933774834437,0.9741935483870968
0.26326326326326327,0.9582427142235754,0.909933774834437,0.9741935483870968
0.26426426426426425,0.9582427142235754,0.909933774834437,0.9741935483870968
0.2652652652652653,0.9582427142235754,0.909933774834437,0.9741935483870968
0.26626626626626626,0.9580851821824287,0.909933774834437,0.9741935483870968
0.26726726726726724,0.9578783122294323,0.909933774834437,0.9741935483870968
0.2682682682682683,0.9578077424967377,0.909933774834437,0.9741935483870968
0.26926926926926925,0.9577876463577989,0.909933774834437,0.9741935483870968
0.2702702702702703,0.9576091903179644,0.909933774834437,0.9741935483870968
0.27127127127127126,0.9575902566333189,0.909933774834437,0.9741935483870968
0.27227227227227224,0.9575902566333189,0.909933774834437,0.9741935483870968
0.2732732732732733,0.9573969558454907,0.909933774834437,0.9741935483870968
0.27427427427427425,0.9572623451811225,0.909933774834437,0.9741935483870968
0.2752752752752753,0.957155284906481,0.909933774834437,0.9741935483870968
0.27627627627627627,0.957155284906481,0.909933774834437,0.9741935483870968
0.2772772772772773,0.957155284906481,0.909933774834437,0.9741935483870968
0.2782782782782783,0.957155284906481,0.909933774834437,0.9741935483870968
0.27927927927927926,0.9569377990430622,0.909933774834437,0.9741935483870968
0.2802802802802803,0.9569377990430622,0.909933774834437,0.9741935483870968
0.28128128128128127,0.9568962257570036,0.909933774834437,0.9741935483870968
0.2822822822822823,0.9567555571736301,0.909933774834437,0.9741935483870968
0.2832832832832833,0.9567203131796433,0.909933774834437,0.9741935483870968
0.28428428428428426,0.9567203131796433,0.909933774834437,0.9741935483870968
0.2852852852852853,0.9567203131796433,0.9094490855238112,0.9741935483870968
0.2862862862862863,0.9567203131796433,0.9086092715231788,0.9741935483870968
0.2872872872872873,0.9567203131796433,0.9086092715231788,0.9741935483870968
0.2882882882882883,0.9565028273162245,0.9086092715231788,0.9741935483870968
0.28928928928928926,0.9565028273162245,0.9086092715231788,0.9741935483870968
0.2902902902902903,0.9562853414528055,0.9086092715231788,0.9741935483870968
0.2912912912912913,0.9562441230309974,0.9086092715231788,0.9741935483870968
0.2922922922922923,0.9561839214541636,0.9086092715231788,0.9741935483870968
0.2932932932932933,0.9561237198773299,0.9086092715231788,0.9741935483870968
0.29429429429429427,0.9560678555893867,0.9086092715231788,0.9741935483870968
0.2952952952952953,0.9560678555893867,0.9086092715231788,0.9741935483870968
0.2962962962962963,0.9560678555893867,0.9086092715231788,0.9741935483870968
0.2972972972972973,0.9560678555893867,0.9086092715231788,0.9741935483870968
0.2982982982982983,0.9560678555893867,0.9086092715231788,0.9741935483870968
0.29929929929929927,0.9560678555893867,0.9086092715231788,0.9741935483870968
0.3003003003003003,0.9560678555893867,0.9083717933903938,0.9741935483870968
0.3013013013013013,0.9560407384552411,0.9080515324751599,0.9741935483870968
0.3023023023023023,0.9556056691687802,0.9077312715599262,0.9741935483870968
0.3033033033033033,0.9554413844609295,0.9074110106446923,0.9741935483870968
0.30430430430430433,0.9554153979991301,0.9072847682119205,0.9741935483870968
0.3053053053053053,0.9552238939400293,0.9072847682119205,0.9741935483870968
0.3063063063063063,0.9551268968123966,0.9072847682119205,0.9741935483870968
0.3073073073073073,0.9550394127461141,0.9072847682119205,0.9741935483870968
0.3083083083083083,0.9548987278251846,0.9072847682119205,0.9741935483870968
0.30930930930930933,0.9546889290696536,0.9066390700850127,0.9741935483870968
0.3103103103103103,0.9545454545454546,0.9048193321285554,0.9741935483870968
0.3113113113113113,0.9545454545454546,0.904635761589404,0.9741935483870968
0.3123123123123123,0.9545454545454546,0.904635761589404,0.9741935483870968
0.3133133133133133,0.9544494609542465,0.904635761589404,0.9741935483870968
0.31431431431431434,0.9543512607131514,0.904635761589404,0.9741935483870968
0.3153153153153153,0.9539760883160979,0.904635761589404,0.9741935483870968
0.3163163163163163,0.9538929969551979,0.904635761589404,0.9741935483870968
0.3173173173173173,0.9538929969551979,0.904635761589404,0.9741935483870968
0.3183183183183183,0.9538929969551979,0.904635761589404,0.9741935483870968
0.31931931931931934,0.9538929969551979,0.904635761589404,0.9741935483870968
0.3203203203203203,0.9537954979459857,0.904635761589404,0.9741935483870968
0.3213213213213213,0.9536755110917791,0.904635761589404,0.9741935483870968
0.32232232232232233,0.9536755110917791,0.904635761589404,0.9741935483870968
0.3233233233233233,0.9536755110917791,0.904635761589404,0.9741935483870968
0.32432432432432434,0.9536755110917791,0.904635761589404,0.9741935483870968
0.3253253253253253,0.9536755110917791,0.904635761589404,0.9741935483870968
0.3263263263263263,0.9536755110917791,0.904635761589404,0.9741935483870968
0.32732732732732733,0.9536755110917791,0.904635761589404,0.9741935483870968
0.3283283283283283,0.9536755110917791,0.904635761589404,0.9741935483870968
0.32932932932932935,0.9533712588263031,0.904635761589404,0.9741935483870968
0.3303303303303303,0.9532405393649412,0.904635761589404,0.9741935483870968
0.3313313313313313,0.9532405393649412,0.904635761589404,0.9741061586799988
0.33233233233233234,0.953157776282714,0.904635761589404,0.973861750812643
0.3333333333333333,0.9529118664470477,0.904635761589404,0.9736173429452872
0.33433433433433435,0.9527475316206452,0.904635761589404,0.9733729350779314
0.3353353353353353,0.9526526637678304,0.904635761589404,0.9731285272105757
0.3363363363363363,0.9525880817746847,0.904635761589404,0.9728841193432199
0.33733733733733734,0.9525880817746847,0.904635761589404,0.9726397114758641
0.3383383383383383,0.9525880817746847,0.904635761589404,0.9723953036085083
0.33933933933933935,0.9525880817746847,0.904507236865989,0.9721508957411527
0.34034034034034033,0.952255168720191,0.9043630896201886,0.9719064878737969
0.34134134134134136,0.9521531100478469,0.9042189423743883,0.971662080006441
0.34234234234234234,0.9521531100478469,0.904074795128588,0.9714176721390854
0.3433433433433433,0.9521531100478469,0.9039306478827877,0.9711732642717296
0.34434434434434436,0.9520221318803056,0.9037865006369874,0.9709677419354839
0.34534534534534533,0.9517991685271946,0.903642353391187,0.9709677419354839
0.34634634634634637,0.9517181383210092,0.9034982061453867,0.9709677419354839
0.34734734734734735,0.9517181383210092,0.9033540588995864,0.9709677419354839
0.3483483483483483,0.9515998700372287,0.9033112582781457,0.9709677419354839
0.34934934934934936,0.9514398773688277,0.9033112582781457,0.9709677419354839
0.35035035035035034,0.9512831665941713,0.9033112582781457,0.9709677419354839
0.35135135135135137,0.9512828731421114,0.9033112582781457,0.9709677419354839
0.35235235235235235,0.9506828110057136,0.9033112582781457,0.9709677419354839
0.3533533533533533,0.9505017695527205,0.9033112582781457,0.9709677419354839
0.35435435435435436,0.9503937347801668,0.9033112582781457,0.9709677419354839
0.35535535535535534,0.950195737277077,0.9033112582781457,0.9709677419354839
0.3563563563563564,0.950195737277077,0.9033112582781457,0.9709677419354839
0.35735735735735735,0.950195737277077,0.9033112582781457,0.9709677419354839
0.35835835835835833,0.950195737277077,0.9033112582781457,0.9709677419354839
0.35935935935935936,0.9501237866364777,0.9033112582781457,0.9709677419354839
0.36036036036036034,0.9499947882693345,0.9033112582781457,0.9709677419354839
0.3613613613613614,0.9495432796868204,0.9033112582781457,0.9709677419354839
0.36236236236236236,0.9495432796868204,0.9033112582781457,0.9709677419354839
0.36336336336336333,0.9495432796868204,0.9033112582781457,0.9709677419354839
0.36436436436436437,0.9495432796868204,0.9033112582781457,0.9709677419354839
0.36536536536536535,0.9493815397985435,0.9033112582781457,0.9709677419354839
0.3663663663663664,0.9493257938234014,0.9033112582781457,0.9709677419354839
0.36736736736736736,0.9492429371388228,0.9033112582781457,0.9709677419354839
0.3683683683683684,0.9491083079599826,0.9029488003013818,0.9709677419354839
0.36936936936936937,0.9491083079599826,0.9022027547255047,0.9709677419354839
0.37037037037037035,0.9491083079599826,0.9019867549668874,0.9709677419354839
0.3713713713713714,0.9491083079599826,0.9019867549668874,0.9709677419354839
0.37237237237237236,0.9491083079599826,0.9019867549668874,0.9709677419354839
0.3733733733733734,0.9491083079599826,0.9019867549668874,0.9709677419354839
0.3743743743743744,0.9491083079599826,0.9019867549668874,0.9708765780002433
0.37537537537537535,0.9488908220965637,0.9019867549668874,0.9706967184841072
0.3763763763763764,0.9487545163886814,0.9019867549668874,0.970516858967971
0.37737737737737737,0.9482853383042333,0.9019867549668874,0.9703369994518349
0.3783783783783784,0.9482279486702901,0.9019867549668874,0.9701571399356989
0.3793793793793794,0.9480208786428882,0.9019867549668874,0.9699772804195628
0.38038038038038036,0.9480208786428882,0.9019867549668874,0.9697974209034267
0.3813813813813814,0.9480208786428882,0.9019867549668874,0.9696175613872906
0.38238238238238237,0.9480208786428882,0.9019867549668874,0.9694377018711545
0.3833833833833834,0.9478033927794693,0.9019867549668874,0.9692578423550183
0.3843843843843844,0.9478033927794693,0.9019867549668874,0.9690779828388822
0.38538538538538536,0.9478033927794693,0.9019867549668874,0.9688981233227462
0.3863863863863864,0.9478033927794693,0.9019867549668874,0.9687182638066101
0.38738738738738737,0.9477737227053467,0.9019867549668874,0.968538404290474
0.3883883883883884,0.9476970628298658,0.9019867549668874,0.9683585447743379
0.3893893893893894,0.9476204029543848,0.9019867549668874,0.9681786852582018
0.39039039039039036,0.9475859069160505,0.9019867549668874,0.9679988257420657
0.3913913913913914,0.9475859069160505,0.9019867549668874,0.9678189662259296
0.3923923923923924,0.9475859069160505,0.9019867549668874,0.967741935483871
0.3933933933933934,0.9475859069160505,0.9019867549668874,0.967741935483871
0.3943943943943944,0.9475859069160505,0.9019867549668874,0.967741935483871
0.39539539539539537,0.9473913798547589,0.9019867549668874,0.967741935483871
0.3963963963963964,0.9471509351892127,0.9019867549668874,0.967741935483871
0.3973973973973974,0.9466703299277625,0.9019867549668874,0.967741935483871
0.3983983983983984,0.9464984775989561,0.9019867549668874,0.967741935483871
0.3993993993993994,0.9464984775989561,0.9019867549668874,0.967741935483871
0.40040040040040037,0.9464984775989561,0.9019867549668874,0.967741935483871
0.4014014014014014,0.9464984775989561,0.9019867549668874,0.967741935483871
0.4024024024024024,0.9463868185244416,0.9019867549668874,0.9676813011571264
0.4034034034034034,0.9462809917355371,0.9019867549668874,0.9675832424027777
0.4044044044044044,0.9462358864640724,0.9019867549668874,0.9674851836484291
0.40540540540540543,0.9459020164872984,0.9004431254235611,0.9673871248940804
0.4064064064064064,0.9456904224084566,0.8998761463792206,0.9672890661397318
0.4074074074074074,0.9455726605061007,0.8993377483443709,0.967191007385383
0.4084084084084084,0.9454552954326831,0.8993377483443709,0.9670929486310343
0.4094094094094094,0.9451935624184428,0.8993377483443709,0.9669948898766857
0.41041041041041043,0.9451935624184428,0.8993377483443709,0.966896831122337
0.4114114114114114,0.945078158286884,0.8993377483443709,0.9667987723679884
0.4124124124124124,0.944690112650584,0.8993377483443709,0.9667007136136397
0.4134134134134134,0.9445411048281862,0.8993377483443709,0.9666026548592911
0.4144144144144144,0.9445411048281862,0.8993377483443709,0.9665045961049424
0.41541541541541543,0.9445411048281862,0.8993377483443709,0.9664065373505938
0.4164164164164164,0.9445001674603763,0.8993377483443709,0.966308478596245
0.4174174174174174,0.9443448229653401,0.8993377483443709,0.9662104198418964
0.4184184184184184,0.9441061331013484,0.8993377483443709,0.9661123610875477
0.4194194194194194,0.9441061331013484,0.8993377483443709,0.9660143023331991
0.42042042042042044,0.9441061331013484,0.8992664107317307,0.9659162435788504
0.4214214214214214,0.9440902919924288,0.8990133492816769,0.9658181848245018
0.4224224224224224,0.9438377278125087,0.898760287831623,0.9657201260701531
0.42342342342342343,0.9437621701011456,0.8985072263815691,0.9656220673158045
0.4244244244244244,0.9436866123897826,0.8982541649315151,0.9655240085614558
0.42542542542542544,0.9436711613745107,0.8980132450331125,0.965425949807107
0.4264264264264264,0.9436026086787614,0.8980132450331125,0.9653278910527584
0.4274274274274274,0.9434536755110918,0.8969597524124112,0.9652298322984098
0.42842842842842843,0.9433344265899878,0.8966887417218543,0.9651317735440611
0.4294294294294294,0.9432361896476729,0.8966887417218543,0.9650337147897124
0.43043043043043044,0.9429767184936297,0.8966887417218543,0.9649356560353638
0.4314314314314314,0.94281499073206,0.8966887417218543,0.9648375972810151
0.43243243243243246,0.9428012179208352,0.8966887417218543,0.9647395385266665
0.43343343343343343,0.9427452862976495,0.8966887417218543,0.9646414797723178
0.4344344344344344,0.9425285660221423,0.8966887417218543,0.9645434210179691
0.43543543543543545,0.9423662461939973,0.8966887417218543,0.964516129032258
0.4364364364364364,0.9423427611820475,0.896528352255954,0.964516129032258
0.43743743743743746,0.9420570781695227,0.8963555190356668,0.964516129032258
0.43843843843843844,0.941827618296524,0.8961826858153796,0.964516129032258
0.4394394394394394,0.9417137886037408,0.8960098525950926,0.964516129032258
0.44044044044044045,0.941617376458243,0.8958370193748054,0.964516129032258
0.44144144144144143,0.9413377026186638,0.8956641861545183,0.964516129032258
0.44244244244244246,0.9410613310134841,0.8954913529342311,0.964516129032258
0.44344344344344344,0.9410613310134841,0.895364238410596,0.964516129032258
0.4444444444444444,0.9408438451500652,0.895364238410596,0.964516129032258
0.44544544544544545,0.9407416935924441,0.895364238410596,0.964516129032258
0.44644644644644643,0.9406263592866464,0.895364238410596,0.964516129032258
0.44744744744744747,0.9405942992167565,0.895364238410596,0.964516129032258
0.44844844844844844,0.9405424659115605,0.895364238410596,0.964516129032258
0.4494494494494494,0.9404906326063645,0.895364238410596,0.964516129032258
0.45045045045045046,0.9404387993011685,0.895364238410596,0.964516129032258
0.45145145145145144,0.940299460743594,0.895364238410596,0.964516129032258
0.45245245245245247,0.9392913482642486,0.895364238410596,0.964516129032258
0.45345345345345345,0.9391039582427142,0.895364238410596,0.964516129032258
0.4544544544544544,0.9391039582427142,0.895364238410596,0.964516129032258
0.45545545545545546,0.9387855746382158,0.895364238410596,0.964516129032258
0.45645645645645644,0.9384851209181594,0.895364238410596,0.964516129032258
0.4574574574574575,0.9382319371242896,0.895364238410596,0.964516129032258
0.45845845845845845,0.937799043062201,0.895364238410596,0.964516129032258
0.45945945945945943,0.937799043062201,0.895364238410596,0.964516129032258
0.46046046046046046,0.937799043062201,0.895364238410596,0.964516129032258
0.46146146146146144,0.937799043062201,0.895364238410596,0.964516129032258
0.4624624624624625,0.937799043062201,0.895364238410596,0.964516129032258
0.46346346346346345,0.937758770660349,0.895364238410596,0.964516129032258
0.46446446446446443,0.9376717109450143,0.895364238410596,0.964516129032258
0.46546546546546547,0.9375846512296796,0.895364238410596,0.964516129032258
0.46646646646646645,0.9371465854719443,0.895364238410596,0.964516129032258
0.4674674674674675,0.9370418893749293,0.895364238410596,0.964516129032258
0.46846846846846846,0.9369290996085254,0.895364238410596,0.964516129032258
0.4694694694694695,0.9369290996085254,0.8952651871029152,0.964516129032258
0.47047047047047047,0.9368535009637272,0.8950972396089267,0.964516129032258
0.47147147147147145,0.9367021377332568,0.8949292921149382,0.964516129032258
0.4724724724724725,0.9364947117874186,0.8947613446209497,0.964516129032258
0.47347347347347346,0.9363088085936496,0.8945933971269612,0.964516129032258
0.4744744744744745,0.93615249607755,0.8944254496329727,0.964516129032258
0.4754754754754755,0.9358416702914311,0.8942575021389841,0.964516129032258
0.47647647647647645,0.9357325461998517,0.8940895546449956,0.964516129032258
0.4774774774774775,0.9351099161104348,0.8926501309324003,0.964516129032258
0.47847847847847846,0.9347542409743367,0.8922277243036332,0.964516129032258
0.4794794794794795,0.9345367551109178,0.891805317674866,0.964516129032258
0.4804804804804805,0.9345367551109178,0.8913302210919283,0.964516129032258
0.48148148148148145,0.9345367551109178,0.8897360947361472,0.964516129032258
0.4824824824824825,0.9345367551109178,0.8891978902607105,0.964516129032258
0.48348348348348347,0.9343192692474989,0.8880430078481196,0.964516129032258
0.4844844844844845,0.9337160797099575,0.8873177515349433,0.964516129032258
0.4854854854854855,0.9335222048469083,0.8872025587754013,0.964516129032258
0.48648648648648646,0.9334221414669251,0.8870873660158592,0.964516129032258
0.4874874874874875,0.9333489539471669,0.8869721732563173,0.964516129032258
0.48848848848848847,0.9332757664274086,0.8868569804967753,0.964516129032258
0.4894894894894895,0.9332318399304045,0.8867417877372332,0.964516129032258
0.4904904904904905,0.9331439246545596,0.8866265949776913,0.964516129032258
0.49149149149149146,0.9328990588487279,0.8865114022181493,0.964516129032258
0.4924924924924925,0.932663325754605,0.8863962094586072,0.964516129032258
0.4934934934934935,0.9325793823401479,0.8862810166990652,0.964516129032258
0.4944944944944945,0.932535961691651,0.8861658239395233,0.964516129032258
0.4954954954954955,0.9324266344316037,0.8858573950237607,0.964516129032258
0.4964964964964965,0.932361896476729,0.8852132749123452,0.9644127208499256
0.4974974974974975,0.932361896476729,0.8846217947648992,0.9642057309451452
0.4984984984984985,0.9322887354162963,0.8841480099799717,0.9639987410403648
0.4994994994994995,0.932123180422792,0.8836742251950441,0.9637917511355844
0.5005005005005005,0.9316161088210958,0.8833981639100379,0.9635847612308039
0.5015015015015015,0.931354488710948,0.8833094618700427,0.9633777713260236
0.5025025025025025,0.9307141765310795,0.8832207598300474,0.9631707814212432
0.5035035035035035,0.9301221855349033,0.8831320577900522,0.9629637915164628
0.5045045045045045,0.9298130198407207,0.883043355750057,0.9627568016116824
0.5055055055055055,0.929635426507227,0.8829546537100618,0.9625498117069021
0.5065065065065065,0.9295146777639891,0.8828659516700665,0.9623428218021217
0.5075075075075075,0.9293975667030909,0.8827772496300713,0.9621358318973413
0.5085085085085085,0.9292806654285337,0.8826885475900761,0.9619288419925609
0.5095095095095095,0.9291075056235134,0.8825998455500809,0.9617218520877806
0.5105105105105106,0.9288796982013113,0.8825111435100856,0.9615148621830002
0.5115115115115115,0.9287115215843442,0.8824224414700904,0.9613078722782198
0.5125125125125125,0.9284471509351893,0.8823337394300952,0.9580645161290322
0.5135135135135135,0.9283089654426976,0.8822450373901,0.9580645161290322
0.5145145145145145,0.9280468158283968,0.8821563353501047,0.9580645161290322
0.5155155155155156,0.9272830898077136,0.8821192052980132,0.9580645161290322
0.5165165165165165,0.9269071551364964,0.8821192052980132,0.9580645161290322
0.5175175175175175,0.9266302890454977,0.8821192052980132,0.9580645161290322
0.5185185185185185,0.9263258551604809,0.8821192052980132,0.9579824438060157
0.5195195195195195,0.9255480989775404,0.8821192052980132,0.9578010898809861
0.5205205205205206,0.9253102352136526,0.8821192052980132,0.9576197359559566
0.5215215215215215,0.9251807144487638,0.8821192052980132,0.9574383820309271
0.5225225225225225,0.9250104604158876,0.8821192052980132,0.9572570281058976
0.5235235235235235,0.9245324053936494,0.8821192052980132,0.9570756741808681
0.5245245245245245,0.9245324053936494,0.8821192052980132,0.9568943202558386
0.5255255255255256,0.9241679690865193,0.8821192052980132,0.956712966330809
0.5265265265265265,0.9236697218377662,0.8821192052980132,0.9565316124057796
0.5275275275275275,0.9236624619399739,0.8821192052980132,0.9563502584807501
0.5285285285285285,0.9232694853961592,0.8821192052980132,0.9561689045557206
0.5295295295295295,0.9230100043497173,0.8810232830163077,0.9559875506306911
0.5305305305305306,0.9230100043497173,0.879027383809014,0.9558061967056615
0.5315315315315315,0.9228291552056161,0.8784082988697554,0.955624842780632
0.5325325325325325,0.9227925184862984,0.8768174435497859,0.9554434888556025
0.5335335335335335,0.9227925184862984,0.8764272233531724,0.955262134930573
0.5345345345345345,0.9227193068684459,0.8760370031565587,0.9550807810055435
0.5355355355355356,0.9226321401516474,0.8756467829599451,0.9548994270805139
0.5365365365365365,0.9223575467594607,0.8750236318505458,0.9547133704319977
0.5375375375375375,0.9223575467594607,0.874254883902816,0.9545249468621461
0.5385385385385385,0.9219225750326229,0.8738997821868748,0.9543365232922945
0.5395395395395395,0.9216892730900292,0.873594542634948,0.954148099722443
0.5405405405405406,0.9212701174423662,0.8732893030830211,0.9539596761525913
0.5415415415415415,0.9209090546466117,0.8729840635310943,0.9537712525827398
0.5425425425425425,0.9206895973846042,0.8721802271810966,0.9535828290128882
0.5435435435435435,0.9204918122188039,0.8698156610034626,0.9533944054430366
0.5445445445445445,0.9197455644503195,0.868745955606262,0.953205981873185
0.5455455455455456,0.9191224864409454,0.8685826366010815,0.9530175583033333
0.5465465465465466,0.9190952588081774,0.8684193175959011,0.9528291347334817
0.5475475475475475,0.9190660866330421,0.8682559985907207,0.9526407111636301
0.5485485485485485,0.9188935484986337,0.8680926795855403,0.9524522875937785
0.5495495495495496,0.9185095129258437,0.8679293605803599,0.9522638640239269
0.5505505505505506,0.9178447627972008,0.8677660415751794,0.9520754404540753
0.5515515515515516,0.9176011262682213,0.8676027225699989,0.9518870168842238
0.5525525525525525,0.9175303316152473,0.8675496688741722,0.9516985933143722
0.5535535535535535,0.9174026053679648,0.8675496688741722,0.9498535839450303
0.5545545545545546,0.9172922992987274,0.8675496688741722,0.947544520217456
0.5555555555555556,0.917192215455704,0.8675496688741722,0.9459999948906209
0.5565565565565566,0.9170248657330904,0.8675496688741722,0.945098374713252
0.5575575575575575,0.9167017062303471,0.8675496688741722,0.9449606984677598
0.5585585585585585,0.916546328693133,0.8675496688741722,0.9448230222222676
0.5595595595595596,0.9163136801148493,0.8675496688741722,0.9446853459767753
0.5605605605605606,0.9158329708568943,0.8675496688741722,0.944547669731283
0.5615615615615616,0.9158329708568943,0.8675496688741722,0.9444099934857908
0.5625625625625625,0.9158329708568943,0.8674604271842529,0.9442723172402986
0.5635635635635635,0.9154265148119834,0.8671529726330895,0.9441346409948064
0.5645645645645646,0.9141159921899649,0.8668455180819262,0.943996964749314
0.5655655655655656,0.9129771602403809,0.8665380635307629,0.9438592885038218
0.5665665665665666,0.91278816876903,0.8662306089795997,0.9437216122583296
0.5675675675675675,0.91278816876903,0.8633067496623706,0.9435839360128373
0.5685685685685685,0.9126225905590842,0.8628727766276515,0.9434462597673451
0.5695695695695696,0.9119561835343774,0.8624388035929323,0.9433085835218529
0.5705705705705706,0.9117029600283189,0.8607346734760998,0.9431709072763607
0.5715715715715716,0.9109793025606185,0.8603870827352871,0.9430332310308683
0.5725725725725725,0.9108307959982601,0.8600394919944745,0.9428955547853761
0.5735735735735735,0.9104857865199734,0.8596919012536619,0.9427578785398839
0.5745745745745746,0.9102814469557697,0.8596026490066225,0.9426202022943916
0.5755755755755756,0.910089320891109,0.8582653492592694,0.9424825260488994
0.5765765765765766,0.9097161487111269,0.8578292235045577,0.9423448498034072
0.5775775775775776,0.9095437734330444,0.8573930977498461,0.942207173557915
0.5785785785785785,0.9083432184873131,0.8569569719951343,0.9420694973124226
0.5795795795795796,0.9079416197169019,0.8554086587831723,0.9419300564371477
0.5805805805805806,0.9075622851755746,0.8543290760872122,0.9417260518812429
0.5815815815815816,0.9074202545422221,0.8539644887922488,0.9415220473253382
0.5825825825825826,0.9072753152751187,0.8536164629783808,0.9413180427694333
0.5835835835835835,0.9071023023541206,0.8532684371645127,0.9411140382135286
0.5845845845845846,0.9062299364394638,0.8529473923463048,0.9409100336576237
0.5855855855855856,0.9060461070030448,0.852614731175193,0.940706029101719
0.5865865865865866,0.9056479233076438,0.8522820700040812,0.9405020245458142
0.5875875875875876,0.9056111352762071,0.8519494088329694,0.9402980199899094
0.5885885885885885,0.9051406537223599,0.8516391982139234,0.9400940154340046
0.5895895895895896,0.9043934487486732,0.8514986189151377,0.9398900108780998
0.5905905905905906,0.904112185393289,0.851358039616352,0.939686006322195
0.5915915915915916,0.9035376212159779,0.8512174603175663,0.9394820017662903
0.5925925925925926,0.9032408070095445,0.8510768810187805,0.9392779972103854
0.5935935935935935,0.902727463003811,0.8509363017199949,0.9390739926544807
0.5945945945945946,0.9021708611885384,0.8507957224212092,0.9388699880985758
0.5955955955955956,0.9016963897346673,0.8506551431224234,0.9384639482906378
0.5965965965965966,0.900475877638303,0.8505145638236378,0.9373166511043624
0.5975975975975976,0.8994710574958095,0.850373984524852,0.9361693539180869
0.5985985985985985,0.8981874222583576,0.8503311258278146,0.93504617589124
0.5995995995995996,0.8973262630933877,0.8501210865063336,0.9339587985636322
0.6006006006006006,0.8967431063782404,0.8495500318270472,0.9328714212360245
0.6016016016016016,0.8961149780608693,0.8489503111425397,0.9320529240503899
0.6026026026026026,0.8957245953070794,0.8477871190770917,0.9315823430507656
0.6036036036036035,0.8947440519539708,0.8473232837236025,0.9311117620511414
0.6046046046046046,0.8940843845150065,0.8469288425364416,0.9306411810515172
0.6056056056056056,0.8936494127881688,0.8465344013492807,0.9301706000518929
0.6066066066066066,0.8936494127881688,0.8462066354188665,0.9297000190522687
0.6076076076076076,0.8936494127881688,0.8459330248075578,0.9292294380526445
0.6086086086086087,0.8933086109237119,0.8456594141962491,0.9290322580645162
0.6096096096096096,0.8927899694554344,0.8453858035849404,0.9290322580645162
0.6106106106106106,0.8926892034981022,0.8451121929736318,0.9290322580645162
0.6116116116116116,0.8923972424784641,0.8438741002462037,0.9290322580645162
0.6126126126126126,0.8916259104376616,0.843231284277063,0.9287776820842705
0.6136136136136137,0.891462879417929,0.8427000274853849,0.9277223331695617
0.6146146146146146,0.8910979717126992,0.8415746897100818,0.9266669842548529
0.6156156156156156,0.890672014906297,0.8402264627795212,0.9256683688816327
0.6166166166166166,0.8901696389734667,0.8394409469718657,0.924920354054521
0.6176176176176176,0.8899521531100478,0.8389178729714527,0.9241723392274093
0.6186186186186187,0.8898485365587117,0.8383939705306966,0.9234243244002974
0.6196196196196196,0.8888376917085051,0.8378434651139872,0.9226763095731857
0.6206206206206206,0.8882608313185797,0.8372929596972778,0.9212598225034309
0.6216216216216216,0.8876779414308037,0.8362312069504851,0.9197453068244054
0.6226226226226226,0.8872368856596233,0.8342994179594236,0.9182880522577028
0.6236236236236237,0.8868249787236313,0.8338452141763684,0.9168506888764679
0.6246246246246246,0.8866898651587647,0.8333910103933132,0.9161290322580645
0.6256256256256256,0.8863948082230998,0.8319908357874346,0.9160303653168105
0.6266266266266266,0.8861365512241082,0.8306675806406968,0.9155135589649026
0.6276276276276276,0.8857310794897489,0.8285677362968897,0.9149967526129947
0.6286286286286287,0.8849827308148414,0.8270687887647217,0.9144799462610869
0.6296296296296297,0.8844216370901217,0.8255451353184875,0.913963139909179
0.6306306306306306,0.8839290888811773,0.8241496785257983,0.9134463335572712
0.6316316316316316,0.8836450630709004,0.822680326534304,0.9129295272053634
0.6326326326326326,0.8832158492051712,0.8217631785688502,0.9126377632262441
0.6336336336336337,0.8832100913440626,0.8198675496688742,0.9123580662592571
0.6346346346346347,0.8826576895336106,0.8198675496688742,0.91207836929227
0.6356356356356356,0.8825146485827857,0.819680158565221,0.9117986723252831
0.6366366366366366,0.8824360824753777,0.8193050346657395,0.9115189753582962
0.6376376376376376,0.8823575163679697,0.8189299107662578,0.9112392783913091
0.6386386386386387,0.8817083789134809,0.8185547868667761,0.9109595814243221
0.6396396396396397,0.8813953618018951,0.8181901586041351,0.9106798844573352
0.6406406406406406,0.8812619093641995,0.8163577536694961,0.9104001874903481
0.6416416416416416,0.8808693969193677,0.8130641686870553,0.9101204905233612
0.6426426426426426,0.8802835754809827,0.8113873635081517,0.9098407935563741
0.6436436436436437,0.8801652892561983,0.8091926399144423,0.9095788355353246
0.6446446446446447,0.8799736526216443,0.8080627139839556,0.9083202284252547
0.6456456456456456,0.8790359305827071,0.8069206400036728,0.9070616213151848
0.6466466466466466,0.8786428882122662,0.8042179489369096,0.9060072061257219
0.6476476476476476,0.8784855771961441,0.8032979832434712,0.9051448338583112
0.6486486486486487,0.8778806199844034,0.8021346958815291,0.9042824615909004
0.6496496496496497,0.8774222934483565,0.7982802558026204,0.9034200893234897
0.6506506506506506,0.87724611937652,0.7974730955635769,0.9021297713574041
0.6516516516516516,0.8761781324468226,0.7973509933774835,0.900715005196359
0.6526526526526526,0.8755465570472071,0.7967291531133727,0.8997505492905242
0.6536536536536537,0.875390927929337,0.7956894347030844,0.8992462136095916
0.6546546546546547,0.8751615613545882,0.7949980776487062,0.8987418779286589
0.6556556556556556,0.8743948735196255,0.7933507045292225,0.8982375422477262
0.6566566566566566,0.8738395018407927,0.7906768169088676,0.8977332065667936
0.6576576576576576,0.8729882557633754,0.7881931760565315,0.897228870885861
0.6586586586586587,0.871845288561418,0.7868611942765346,0.8953814650159293
0.6596596596596597,0.8716833405828621,0.7832125448874648,0.8927170189701058
0.6606606606606606,0.8702029073819711,0.7827210105219145,0.8917618684739893
0.6616616616616616,0.8696455641660659,0.7822087302458369,0.8908067179778727
0.6626626626626626,0.8686385384949978,0.7816964499697593,0.8901126995537451
0.6636636636636637,0.868304437005217,0.7810395833391104,0.8896870893072234
0.6646646646646647,0.8679860809047412,0.7802557741186459,0.8892614790607019
0.6656656656656657,0.8670161346285898,0.7781922739028933,0.8888358688141803
0.6666666666666666,0.8662644807767077,0.7770732694598059,0.8884102585676588
0.6676676676676676,0.865285630433481,0.776461758205715,0.8879846483211372
0.6686686686686687,0.8636184875501806,0.776158940397351,0.8875590380746157
0.6696696696696697,0.8629176565776097,0.77597488072795,0.8871334278280941
0.6706706706706707,0.8622653373410136,0.7751516185099714,0.8850911541282473
0.6716716716716716,0.8615846398322364,0.7742698940459299,0.8827556044435662
0.6726726726726726,0.860666079602995,0.772124939699582,0.8804001362854876
0.6736736736736737,0.8599179200405277,0.7712724938550367,0.8788674095677412
0.6746746746746747,0.8590421534637547,0.7685901752750214,0.8773518201670232
0.6756756756756757,0.8576324057729409,0.7665617874762153,0.8761293120242524
0.6766766766766766,0.8567983733795677,0.766009888859017,0.8749068038814817
0.6776776776776777,0.8561096009727469,0.7654845119751971,0.8738083733224844
0.6786786786786787,0.8552588963549133,0.76507211771016,0.8728837249100052
0.6796796796796797,0.8546779107016454,0.7646597234451231,0.8719590764975261
0.6806806806806807,0.8534818640619745,0.7642473291800862,0.8710344280850469
0.6816816816816816,0.852729786932078,0.7624982943713532,0.869396844375498
0.6826826826826827,0.8521874513955765,0.7598650674591448,0.8677294766670374
0.6836836836836837,0.8516934921566885,0.7582584655138367,0.8671756951995466
0.6846846846846847,0.8509398399315712,0.7572333109612186,0.866621913732056
0.6856856856856857,0.849864704739508,0.7565151692337193,0.8660681322645654
0.6866866866866866,0.8488534859961122,0.7547889408835531,0.8655143507970746
0.6876876876876877,0.8476411847840953,0.7544289693355207,0.864960569329584
0.6886886886886887,0.846284496519324,0.7540689977874884,0.8644026224178799
0.6896896896896897,0.8456632351837016,0.753709026239456,0.8638277441777302
0.6906906906906907,0.8446444660892282,0.7522509713402206,0.8632528659375807
0.6916916916916916,0.843725470809303,0.7505932522948416,0.862677987697431
0.6926926926926927,0.8425495681182898,0.7496500449777967,0.8621031094572813
0.6936936936936937,0.8411660042873894,0.7490510649619748,0.8615282312171317
0.6946946946946947,0.8406382476808743,0.748452084946153,0.8588125863469688
0.6956956956956957,0.840088085352461,0.7460211380877539,0.8546998504591664
0.6966966966966966,0.8395228525637974,0.7440917018280839,0.8540045514045718
0.6976976976976977,0.8389381599777247,0.7435724618395789,0.853309252349977
0.6986986986986987,0.8384777526178585,0.743053221851074,0.8526139532953824
0.6996996996996997,0.8378260559524646,0.741358426494974,0.8519186542407877
0.7007007007007007,0.83625417220364,0.7380035719398547,0.8516129032258064
0.7017017017017017,0.8353565970573366,0.7363908103122719,0.8503498667514385
0.7027027027027027,0.8347474330622693,0.7356609336267632,0.8489398140226841
0.7037037037037037,0.8331486948978779,0.7335991125153044,0.8443702446079351
0.7047047047047047,0.8324780745939833,0.7312697686567853,0.8414023321322635
0.7057057057057057,0.8306248986691042,0.7296487173830858,0.8408274538921138
0.7067067067067067,0.8293389427211673,0.7289880193147232,0.8402525756519642
0.7077077077077077,0.8275575756563633,0.7281501375630774,0.8396776974118145
0.7087087087087087,0.8261335846018756,0.7270424631634517,0.8391028191716648
0.7097097097097097,0.8244889082209657,0.7266867912435994,0.8338137611342684
0.7107107107107107,0.8228126748914028,0.726331119323747,0.8289938638817846
0.7117117117117117,0.8209537897906757,0.7259754474038947,0.8260776650424274
0.7127127127127127,0.8197306943363426,0.7244212006477161,0.8248156687613218
0.7137137137137137,0.8186167899086559,0.7226158875706491,0.8237232923001532
0.7147147147147147,0.8174217836140192,0.7198461103856266,0.8226309158389844
0.7157157157157157,0.81574709610247,0.7167710211899475,0.8211216735293038
0.7167167167167167,0.8134629482912679,0.7148794348047001,0.8195923218132226
0.7177177177177178,0.8107170551744466,0.7140597523833725,0.8151283991165073
0.7187187187187187,0.8088876387822047,0.7122530771927104,0.8116874800686943
0.7197197197197197,0.8072255041221437,0.708592549463211,0.8099170226733957
0.7207207207207207,0.8062560145943571,0.7062081339759564,0.8096774193548387
0.7217217217217217,0.8046711651266046,0.7041662793123306,0.803218618555369
0.7227227227227228,0.8017950187670837,0.703425340573862,0.8016348084153677
0.7237237237237237,0.8012463907530037,0.7002236409076616,0.8000509982753665
0.7247247247247247,0.7987851667675856,0.6991814042779566,0.7981785711367091
0.7257257257257257,0.7972586621841012,0.6981146102696326,0.7961600327872805
0.7267267267267267,0.7958727666062677,0.6971429400041077,0.7937401361580431
0.7277277277277278,0.7938204084758738,0.6960191019478202,0.7833842717778472
0.7287287287287287,0.7924283721988198,0.6942534532569937,0.7822092788086298
0.7297297297297297,0.790095105635523,0.6920660360528309,0.7810342858394124
0.7307307307307307,0.7882136065539952,0.6893997461646391,0.7786792750454955
0.7317317317317317,0.7852717835292119,0.6883597917851665,0.773702651532214
0.7327327327327328,0.7834887036783145,0.6874557959358791,0.7727356345417683
0.7337337337337337,0.7810200399746521,0.6832361993355018,0.7717686175513228
0.7347347347347347,0.778718346954238,0.6807740233978735,0.7705576263995413
0.7357357357357357,0.7765403983390164,0.676213579450331,0.7681705708437475
0.7367367367367368,0.7734977990340596,0.6751261095059296,0.7620961168941321
0.7377377377377378,0.7716151696686967,0.6743260044065603,0.759932995994959
0.7387387387387387,0.7683585426348698,0.6696439911464745,0.7581758041091744
0.7397397397397397,0.7662686117303267,0.6672192056085388,0.7527581065784437
0.7407407407407407,0.764096076298697,0.6625427952301989,0.7504574877658007
0.7417417417417418,0.7612093117294351,0.6592971055167276,0.7488161927120622
0.7427427427427428,0.7581413271996279,0.6576986928899651,0.7448088969537784
0.7437437437437437,0.7563253450163019,0.6549014368120413,0.7426083922282112
0.7447447447447447,0.7536804945904264,0.6524343793296178,0.7397998850639397
0.7457457457457457,0.751515137295035,0.6492876013401091,0.7376461669374744
0.7467467467467468,0.7488931696441288,0.6455160686670033,0.7359988830308016
0.7477477477477478,0.7458584065564361,0.6439059773891636,0.7301754550586584
0.7487487487487487,0.7429116867079429,0.6394601477348766,0.7252980585123338
0.7497497497497497,0.7396587088398054,0.638603697639868,0.7188316416028708
0.7507507507507507,0.7351886422674934,0.6371974931702086,0.7176575144715588
0.7517517517517518,0.7327525135673113,0.6313207032552184,0.7164833873402465
0.7527527527527528,0.730399037445598,0.627543259974182,0.7059067868603692
0.7537537537537538,0.728221469254586,0.6246633956266132,0.6979485316360184
0.7547547547547547,0.7248840228319121,0.6235523592762378,0.6928488847826937
0.7557557557557557,0.7210954132576542,0.6228239882795593,0.6861596863375261
0.7567567567567568,0.718609143489526,0.6165508955421712,0.6793062627013301
0.7577577577577578,0.7151599137679253,0.6142636748169097,0.6750793504853022
0.7587587587587588,0.7117510667944162,0.6134778441849744,0.6721664072353487
0.7597597597597597,0.707855207758221,0.6111239600938547,0.6709677419354839
0.7607607607607607,0.7041655425262668,0.6088114653677947,0.6644191283052046
0.7617617617617618,0.7016185632735702,0.6064270246551005,0.6581856087364476
0.7627627627627628,0.6981707967255246,0.6053162270587178,0.6548223789533171
0.7637637637637638,0.6930274810751289,0.6013165944745299,0.6531959648958929
0.7647647647647647,0.6899425043065398,0.6003152114165204,0.6512358732859032
0.7657657657657657,0.6863853849499783,0.5991967833032777,0.6432681659334932
0.7667667667667668,0.6821129346699054,0.5942603058213558,0.6225968944819635
0.7677677677677678,0.6783537023854198,0.5917395308552805,0.6134203179902104
0.7687687687687688,0.6741283124248816,0.5890460178655741,0.6035748008144013
0.7697697697697697,0.6708124160205214,0.5859506484636383,0.5941482178067382
0.7707707707707707,0.6664847857949532,0.5830608262333645,0.5859013047163419
0.7717717717717718,0.664204842801334,0.5780041887385958,0.5722006994375188
0.7727727727727728,0.6614749416405369,0.5728383820026706,0.5640649028540938
0.7737737737737738,0.6575031945141712,0.5700496947795977,0.5546811091401335
0.7747747747747747,0.6544893500286203,0.5688487575947734,0.5477456749873975
0.7757757757757757,0.651763105103682,0.5637127128894528,0.5382921480180506
0.7767767767767768,0.6478203922880955,0.5599796373859752,0.5339606123415357
0.7777777777777778,0.6444111539595045,0.5544529006579673,0.5293303619265022
0.7787787787787788,0.6391451157121367,0.5494957369106587,0.5100207027925078
0.7797797797797797,0.6353064668497836,0.5419872304591846,0.49541006129989207
0.7807807807807807,0.6301191823783011,0.533832581845209,0.48513519912278885
0.7817817817817818,0.6246683812273922,0.5201397749444571,0.4750405907899713
0.7827827827827828,0.6189992536516992,0.5145333796129401,0.46685195434575083
0.7837837837837838,0.612161704349813,0.5071398858240905,0.46251330588253564
0.7847847847847848,0.6068563806734995,0.49912965315392194,0.4468395309217319
0.7857857857857857,0.6029914690818357,0.4899928963080311,0.43814480195795574
0.7867867867867868,0.5968664970194337,0.4877876650105709,0.42954094149117983
0.7877877877877878,0.5913626259105462,0.479231775886857,0.4165555100316584
0.7887887887887888,0.5837561669140617,0.47636744220287636,0.4099867796659931
0.7897897897897898,0.5787729091462231,0.46629739257292824,0.39259081352282005
0.7907907907907907,0.5719418830946481,0.46231628730636426,0.37124859680033556
0.7917917917917918,0.5659730958762188,0.4558231448501985,0.36511455710533486
0.7927927927927928,0.5612290296952533,0.44753093526829435,0.35797504625356424
0.7937937937937938,0.5543803588910312,0.4409289080101929,0.3412604452357775
0.7947947947947948,0.5471455510465825,0.4352455051040207,0.3253667789471793
0.7957957957957957,0.5408302255780162,0.42382426290948055,0.3112523614659628
0.7967967967967968,0.5351253529173939,0.4121336541595177,0.2967136476888908
0.7977977977977978,0.5307719977420569,0.40819490252882557,0.29215902184942133
0.7987987987987988,0.5245777750038795,0.40538309315209464,0.2905608678037921
0.7997997997997998,0.5173871709222646,0.3984294591955936,0.2866417079521928
0.8008008008008007,0.5094899791400608,0.39623260664537574,0.2767215894560321
0.8018018018018018,0.5053307121221707,0.3809714099548246,0.2660315494817597
0.8028028028028028,0.49884312783395296,0.37375945873195526,0.2601744607626139
0.8038038038038038,0.4919357179500868,0.3695584549437493,0.2580813371307949
0.8048048048048048,0.4848780210136511,0.3652751134903549,0.24961483067928983
0.8058058058058059,0.4800726965992784,0.35722877433540556,0.237429418459781
0.8068068068068068,0.4721698103392808,0.350705130503006,0.23261705980096548
0.8078078078078078,0.46781353695504807,0.3475302247905695,0.22389365915151144
0.8088088088088088,0.4607909409193948,0.3403204457924981,0.2194429639886741
0.8098098098098098,0.4518978243842279,0.3337748344370861,0.19567149763881356
0.8108108108108109,0.4473172856967662,0.3295059806986019,0.19238858361460554
0.8118118118118118,0.44141004255173527,0.32258230212468403,0.1910175007577838
0.8128128128128128,0.4351261665077488,0.31015310624368514,0.18792389664903986
0.8138138138138138,0.43120138703833866,0.30634329414992895,0.17867256635112666
0.8148148148148148,0.4219112959189236,0.3018209105004592,0.17144930850722334
0.8158158158158159,0.41440409246287563,0.2990797745633853,0.16846963386709535
0.8168168168168168,0.4090792844640115,0.291832375838906,0.1625596513241413
0.8178178178178178,0.40326613730611494,0.2791934840948808,0.15348643877858745
0.8188188188188188,0.3981860076506674,0.27002519861875607,0.15055740192077874
0.8198198198198198,0.3911928630851984,0.26019457183267103,0.14388182757959794
0.8208208208208209,0.3839873869118473,0.2452172116825446,0.13272161971690227
0.8218218218218218,0.37506728241692067,0.2393933454130768,0.12946880033759334
0.8228228228228228,0.36911901679844267,0.23528207888022382,0.12800706825205108
0.8238238238238238,0.36155692762475644,0.2313349591525379,0.12681203977745772
0.8248248248248248,0.35534627092860266,0.22486077451599562,0.12498495767995968
0.8258258258258259,0.3490261006578848,0.2175627457117902,0.11668046838746571
0.8268268268268268,0.3422932106537916,0.21183495635020486,0.11116423572690606
0.8278278278278278,0.33525074525624454,0.20446709173526853,0.10890249327557755
0.8288288288288288,0.3284091944824805,0.19782737704592024,0.10799781030175001
0.8298298298298298,0.3220185072372162,0.1895314538983083,0.10709312732792246
0.8308308308308309,0.31422723704911726,0.18202956201613782,0.10203343547072725
0.8318318318318318,0.30665841574160746,0.1788890046704686,0.09603382101061372
0.8328328328328328,0.30088510403321195,0.1733260341641516,0.09307819860430193
0.8338338338338338,0.2939267985152568,0.16913492755957438,0.09107523244026373
0.8348348348348348,0.2878327227746668,0.16683298355342016,0.08445570728334045
0.8358358358358359,0.28177570265389235,0.1635363701020406,0.07983214129528057
0.8368368368368369,0.27573956258635857,0.16112308886382515,0.07691277969567256
0.8378378378378378,0.26801346545224963,0.1523835560112016,0.07304624482612687
0.8388388388388388,0.26163052821128285,0.14701986754966886,0.06851226728498713
0.8398398398398398,0.25310830627119496,0.13893566214342115,0.06685455196889281
0.8408408408408409,0.2461116552025641,0.13270776632157372,0.06590067962606176
0.8418418418418419,0.24053901494092864,0.12645010771358406,0.06494680728323081
0.8428428428428428,0.23332100614118548,0.12076489209595355,0.06016094836132177
0.8438438438438438,0.2257224791966825,0.11091088019005885,0.057594397083163315
0.8448448448448448,0.22093978200887732,0.10557675547993745,0.05548645055247301
0.8458458458458459,0.21366563789740076,0.09917269540979534,0.04471000219355293
0.8468468468468469,0.20502996667702875,0.09260981763560575,0.040877166288196425
0.8478478478478478,0.20113335731486684,0.0871342976079086,0.03840447914546108
0.8488488488488488,0.1960216730286351,0.08289799148430084,0.03781333496817813
0.8498498498498498,0.18855927214168675,0.07862911649283603,0.03722219079089519
0.8508508508508509,0.1823216430871922,0.07203350479500417,0.03663104661361218
0.8518518518518519,0.17463095795527087,0.06545852544587419,0.03603990243632924
0.8528528528528528,0.16908406285202005,0.05955612853285604,0.03517063880936615
0.8538538538538538,0.1637670817037254,0.055795973333673976,0.029994146834404413
0.8548548548548548,0.1565424574207954,0.05483129916563638,0.02822142131590369
0.8558558558558559,0.14807800973028543,0.05120547050460712,0.027220123337219175
0.8568568568568569,0.14228059068801993,0.04807845994495883,0.026218825358534776
0.8578578578578578,0.13691307469085273,0.04768211920529802,0.02529961723707662
0.8588588588588588,0.13004952886129192,0.043615577185021515,0.024437889687825967
0.8598598598598598,0.1258227022370019,0.03967171195420981,0.023576162138575312
0.8608608608608609,0.11993669418763281,0.038879415538624236,0.022714434589324567
0.8618618618618619,0.11307354470708247,0.036908323788283015,0.020760959055818456
0.8628628628628628,0.1067054107953368,0.03395678959181465,0.019052647495823187
0.8638638638638638,0.10209988072993595,0.03109677327821447,0.018182392787645957
0.8648648648648649,0.0977787094854801,0.02971970957101409,0.01731213807946863
0.8658658658658659,0.09235991994926598,0.027557480611697282,0.0164418833712914
0.8668668668668669,0.08534923035384526,0.026682535803155317,0.014121573120705307
0.8678678678678678,0.08001532981617396,0.024503094757277,0.012667958195980471
0.8688688688688688,0.076053114050888,0.023242651109016892,0.012283075059759799
0.8698698698698699,0.06974264463587193,0.02255986757818121,0.011898191923539083
0.8708708708708709,0.06551602433270755,0.02168311386994321,0.01151330878731841
0.8718718718718719,0.05938513393665172,0.01919920561881575,0.011128425651097739
0.8728728728728729,0.0556620767185566,0.018197439997592702,0.010743542514877066
0.8738738738738738,0.05233979305516669,0.017664987827266138,0.010358659378656394
0.8748748748748749,0.048871533342279484,0.015873762894831514,0.00997377624243568
0.8758758758758759,0.04633513254157273,0.015585605654310193,0.009606347606551095
0.8768768768768769,0.04328447800604152,0.015297448413788871,0.009297350921354398
0.8778778778778779,0.04076123413973844,0.015009291173267549,0.008988354236157698
0.8788788788788788,0.037885407359152086,0.014721133932746227,0.008679357550961001
0.8798798798798799,0.03453332468596549,0.013985651669069355,0.008370360865764268
0.8808808808808809,0.03190960351160288,0.012664973329060695,0.00806136418056757
0.8818818818818819,0.029821590815573572,0.01003562585966074,0.007752367495370871
0.8828828828828829,0.027232950265951655,0.008732894990201169,0.007443370810174172
0.8838838838838838,0.02610275395649474,0.007840992775799216,0.007134374124977474
0.8848848848848849,0.023365712421067945,0.007402399001298765,0.006825377439780742
0.8858858858858859,0.02269613730681913,0.006963805226798362,0.006516380754584043
0.8868868868868869,0.021056004364657127,0.006532834660964899,0.0060907346050508016
0.8878878878878879,0.0183303022500175,0.006128601795870265,0.005634153798669614
0.8888888888888888,0.01721205032390823,0.005724368930775631,0.005177572992288425
0.8898898898898899,0.014776594124916314,0.0053201360656809525,0.004720992185907187
0.8908908908908909,0.013409172659571379,0.005111556365281997,0.004264411379525998
0.8918918918918919,0.012588132611409482,0.004914304291399669,0.00380783057314481
0.8928928928928929,0.01119233103710661,0.00471705221751734,0.003351249766763622
0.8938938938938938,0.009613831407686707,0.004519800143635012,0.0
0.8948948948948949,0.008927736166909261,0.004322548069752661,0.0
0.8958958958958959,0.00804440832061786,0.0041252959958703326,0.0
0.8968968968968969,0.007434757161067964,0.003930984937572082,0.0
0.8978978978978979,0.006842452045269196,0.003746492316311186,0.0
0.8988988988988988,0.005447107146719025,0.0035619996950502905,0.0
0.8998998998998999,0.004363716663906032,0.003377507073789374,0.0
0.9009009009009009,0.0036127071320757004,0.0031930144525284783,0.0
0.9019019019019019,0.002886294585220627,0.0030085218312675822,0.0
0.9029029029029029,0.0019424052767639496,0.0028240292100066866,0.0
0.9039039039039038,0.0017682131856111348,0.0026377454176478325,0.0
0.9049049049049049,0.0011964270609333622,0.002418357688408609,0.0
0.9059059059059059,0.0009817750461025283,0.0021989699591694095,0.0
0.9069069069069069,0.0008144691286826376,0.00197958222993021,0.0
0.9079079079079079,0.0007241511324587944,0.0017601945006910107,0.0
0.9089089089089089,0.0006464471128754441,0.0015408067714518113,0.0
0.9099099099099099,0.0006172997202707627,0.0,0.0
0.9109109109109109,0.0005881523276660845,0.0,0.0
0.9119119119119119,0.0005590049350614063,0.0,0.0
0.9129129129129129,0.0005298575424567282,0.0,0.0
0.9139139139139139,0.00050071014985205,0.0,0.0
0.914914914914915,0.00047156275724736857,0.0,0.0
0.9159159159159159,0.00044241536464269043,0.0,0.0
0.9169169169169169,0.0004123332378423184,0.0,0.0
0.9179179179179179,0.00038193052951765124,0.0,0.0
0.9189189189189189,0.00035152782119298397,0.0,0.0
0.91991991991992,0.0003211251128683134,0.0,0.0
0.9209209209209209,0.0002907224045436462,0.0,0.0
0.9219219219219219,0.00026031969621897897,0.0,0.0
0.9229229229229229,0.00022991698789431175,0.0,0.0
0.9239239239239239,0.0,0.0,0.0
0.924924924924925,0.0,0.0,0.0
0.9259259259259259,0.0,0.0,0.0
0.9269269269269269,0.0,0.0,0.0
0.9279279279279279,0.0,0.0,0.0
0.9289289289289289,0.0,0.0,0.0
0.92992992992993,0.0,0.0,0.0
0.9309309309309309,0.0,0.0,0.0
0.9319319319319319,0.0,0.0,0.0
0.9329329329329329,0.0,0.0,0.0
0.933933933933934,0.0,0.0,0.0
0.934934934934935,0.0,0.0,0.0
0.9359359359359359,0.0,0.0,0.0
0.9369369369369369,0.0,0.0,0.0
0.9379379379379379,0.0,0.0,0.0
0.938938938938939,0.0,0.0,0.0
0.93993993993994,0.0,0.0,0.0
0.9409409409409409,0.0,0.0,0.0
0.9419419419419419,0.0,0.0,0.0
0.9429429429429429,0.0,0.0,0.0
0.943943943943944,0.0,0.0,0.0
0.944944944944945,0.0,0.0,0.0
0.9459459459459459,0.0,0.0,0.0
0.9469469469469469,0.0,0.0,0.0
0.9479479479479479,0.0,0.0,0.0
0.948948948948949,0.0,0.0,0.0
0.94994994994995,0.0,0.0,0.0
0.950950950950951,0.0,0.0,0.0
0.9519519519519519,0.0,0.0,0.0
0.9529529529529529,0.0,0.0,0.0
0.953953953953954,0.0,0.0,0.0
0.954954954954955,0.0,0.0,0.0
0.955955955955956,0.0,0.0,0.0
0.9569569569569569,0.0,0.0,0.0
0.9579579579579579,0.0,0.0,0.0
0.958958958958959,0.0,0.0,0.0
0.95995995995996,0.0,0.0,0.0
0.960960960960961,0.0,0.0,0.0
0.9619619619619619,0.0,0.0,0.0
0.9629629629629629,0.0,0.0,0.0
0.963963963963964,0.0,0.0,0.0
0.964964964964965,0.0,0.0,0.0
0.965965965965966,0.0,0.0,0.0
0.9669669669669669,0.0,0.0,0.0
0.9679679679679679,0.0,0.0,0.0
0.968968968968969,0.0,0.0,0.0
0.96996996996997,0.0,0.0,0.0
0.970970970970971,0.0,0.0,0.0
0.9719719719719719,0.0,0.0,0.0
0.9729729729729729,0.0,0.0,0.0
0.973973973973974,0.0,0.0,0.0
0.974974974974975,0.0,0.0,0.0
0.975975975975976,0.0,0.0,0.0
0.9769769769769769,0.0,0.0,0.0
0.9779779779779779,0.0,0.0,0.0
0.978978978978979,0.0,0.0,0.0
0.97997997997998,0.0,0.0,0.0
0.980980980980981,0.0,0.0,0.0
0.9819819819819819,0.0,0.0,0.0
0.9829829829829829,0.0,0.0,0.0
0.983983983983984,0.0,0.0,0.0
0.984984984984985,0.0,0.0,0.0
0.985985985985986,0.0,0.0,0.0
0.986986986986987,0.0,0.0,0.0
0.9879879879879879,0.0,0.0,0.0
0.988988988988989,0.0,0.0,0.0
0.98998998998999,0.0,0.0,0.0
0.990990990990991,0.0,0.0,0.0
0.991991991991992,0.0,0.0,0.0
0.992992992992993,0.0,0.0,0.0
0.993993993993994,0.0,0.0,0.0
0.994994994994995,0.0,0.0,0.0
0.995995995995996,0.0,0.0,0.0
0.996996996996997,0.0,0.0,0.0
0.997997997997998,0.0,0.0,0.0
0.998998998998999,0.0,0.0,0.0
1.0,0.0,0.0,0.0
