confidence,person_precision
0.0,0.1071849234393404
0.001001001001001001,0.10723318687047173
0.002002002002002002,0.14236785220068374
0.003003003003003003,0.17186570030846793
0.004004004004004004,0.19488433943872926
0.005005005005005005,0.21417740753773076
0.006006006006006006,0.2274462466067487
0.007007007007007007,0.24587040187270554
0.008008008008008008,0.256037158353841
0.009009009009009009,0.26552879667104173
0.01001001001001001,0.2742887893804138
0.011011011011011011,0.29009953761605556
0.012012012012012012,0.29998292504126045
0.013013013013013013,0.3083309022863558
0.014014014014014014,0.318322557655882
0.015015015015015015,0.32493984281001626
0.016016016016016016,0.3293540841268672
0.017017017017017015,0.3366409646509904
0.018018018018018018,0.3409439757798444
0.01901901901901902,0.3484912769657075
0.02002002002002002,0.35399603850169786
0.02102102102102102,0.3597450826047055
0.022022022022022022,0.36360584376850325
0.023023023023023025,0.36505276217322935
0.024024024024024024,0.3707573375402749
0.025025025025025023,0.3790947325403053
0.026026026026026026,0.3858649534615506
0.02702702702702703,0.38826422840440505
0.028028028028028028,0.3904941228916282
0.029029029029029027,0.39436585778667604
0.03003003003003003,0.39984311722162047
0.031031031031031032,0.4017461781448517
0.03203203203203203,0.4079446989145448
0.03303303303303303,0.4104872614591776
0.03403403403403403,0.41141500094870664
0.035035035035035036,0.4134963209106697
0.036036036036036036,0.41807178099604786
0.037037037037037035,0.42051449708595173
0.03803803803803804,0.4258438387832898
0.03903903903903904,0.42807523996375385
0.04004004004004004,0.4320103510543688
0.04104104104104104,0.43513317008070473
0.04204204204204204,0.4369953847464403
0.043043043043043044,0.43994147949907225
0.044044044044044044,0.441330142333763
0.04504504504504504,0.44409980871671606
0.04604604604604605,0.44468030249990587
0.04704704704704705,0.4456003493642525
0.04804804804804805,0.44917435766076125
0.04904904904904905,0.4548944445187081
0.050050050050050046,0.4575570944348538
0.05105105105105105,0.4603509941946917
0.05205205205205205,0.46285326699122037
0.05305305305305305,0.46475291696207316
0.05405405405405406,0.4706481397757445
0.055055055055055056,0.47253682219932164
0.056056056056056056,0.47367824385552687
0.057057057057057055,0.47488038984514364
0.058058058058058054,0.4763049766994275
0.05905905905905906,0.478418160053447
0.06006006006006006,0.4846069474831683
0.06106106106106106,0.4876905977947391
0.062062062062062065,0.4882630657700687
0.06306306306306306,0.4889790254297352
0.06406406406406406,0.4926774522630481
0.06506506506506507,0.4925045704906317
0.06606606606606606,0.4940651929026876
0.06706706706706707,0.4974774657898395
0.06806806806806806,0.5020935372420037
0.06906906906906907,0.5061978794616396
0.07007007007007007,0.5100191307745541
0.07107107107107107,0.5115953364439638
0.07207207207207207,0.5131531731977222
0.07307307307307308,0.5127091665271682
0.07407407407407407,0.5122651598566144
0.07507507507507508,0.5118966125300882
0.07607607607607608,0.51557432972285
0.07707707707707707,0.5196396390564822
0.07807807807807808,0.5213828294340739
0.07907907907907907,0.5226753904137802
0.08008008008008008,0.523984370867606
0.08108108108108109,0.5234435789969192
0.08208208208208208,0.523319318564149
0.08308308308308308,0.5263563158386728
0.08408408408408408,0.5273990401471575
0.08508508508508508,0.5282857527336635
0.08608608608608609,0.5290834763209907
0.08708708708708708,0.5326936965235141
0.08808808808808809,0.5354918554818124
0.0890890890890891,0.5363682457234331
0.09009009009009009,0.5368436167597792
0.09109109109109109,0.5373189877961253
0.0920920920920921,0.537835319618587
0.09309309309309309,0.5386434824159108
0.0940940940940941,0.5394706007299147
0.09509509509509509,0.5410656294115307
0.0960960960960961,0.545356456467182
0.0970970970970971,0.5475129987740269
0.0980980980980981,0.5515091885123994
0.0990990990990991,0.5542175601940482
0.10010010010010009,0.5551723275269755
0.1011011011011011,0.5589780858479777
0.1021021021021021,0.5619220545446649
0.1031031031031031,0.5613667547114332
0.1041041041041041,0.5647003529692496
0.10510510510510511,0.5683255582829547
0.1061061061061061,0.5706598366949945
0.10710710710710711,0.5714166884140043
0.10810810810810811,0.572173540133014
0.1091091091091091,0.573005927743814
0.11011011011011011,0.573868684258095
0.1111111111111111,0.5751071077875725
0.11211211211211211,0.5781680969404029
0.11311311311311312,0.5804390522422767
0.11411411411411411,0.5835660507080263
0.11511511511511512,0.5846761672382847
0.11611611611611611,0.5852723533733281
0.11711711711711711,0.5858685395083715
0.11811811811811812,0.5865574036791638
0.11911911911911911,0.5873678920854293
0.12012012012012012,0.5881783804916948
0.12112112112112113,0.5924207642231549
0.12212212212212212,0.5928767826955615
0.12312312312312312,0.5933328011679682
0.12412412412412413,0.5937888196403749
0.12512512512512514,0.5942448381127815
0.12612612612612611,0.5990530093368791
0.12712712712712712,0.6001273122239381
0.12812812812812813,0.6018059912634495
0.12912912912912913,0.6031063636925723
0.13013013013013014,0.6035808180779244
0.13113113113113112,0.6040552724632765
0.13213213213213212,0.6045297268486286
0.13313313313313313,0.6050646251803856
0.13413413413413414,0.6068441134465807
0.13513513513513514,0.6086093331135854
0.13613613613613612,0.6099951509855712
0.13713713713713713,0.6111271355891053
0.13813813813813813,0.614268470373246
0.13913913913913914,0.6152062709503627
0.14014014014014015,0.6161180093637804
0.14114114114114115,0.616934839812926
0.14214214214214213,0.6177516702620717
0.14314314314314314,0.6178209591050949
0.14414414414414414,0.6170586782692472
0.14514514514514515,0.6174230083269717
0.14614614614614616,0.6184065141515882
0.14714714714714713,0.6202359483095864
0.14814814814814814,0.6228150882269244
0.14914914914914915,0.6246943909185776
0.15015015015015015,0.6266852344351875
0.15115115115115116,0.6285419759132695
0.15215215215215216,0.6292134747355552
0.15315315315315314,0.6298849735578409
0.15415415415415415,0.6305564723801266
0.15515515515515516,0.6346444738142692
0.15615615615615616,0.6367921792285989
0.15715715715715717,0.6403401445111301
0.15815815815815815,0.6407100005394286
0.15915915915915915,0.6410798565677271
0.16016016016016016,0.6414497125960257
0.16116116116116116,0.6418195686243242
0.16216216216216217,0.6421894246526227
0.16316316316316315,0.6425592806809213
0.16416416416416416,0.6458892440628784
0.16516516516516516,0.646908813669565
0.16616616616616617,0.6479063441887287
0.16716716716716717,0.6488722601901186
0.16816816816816815,0.6498381761915083
0.16916916916916916,0.6556528829618546
0.17017017017017017,0.6565788286786511
0.17117117117117117,0.6575047743954476
0.17217217217217218,0.6580841110931483
0.17317317317317318,0.6586294211427185
0.17417417417417416,0.6591747311922886
0.17517517517517517,0.6597200412418588
0.17617617617617617,0.6628449513763152
0.17717717717717718,0.66336760426566
0.1781781781781782,0.6638902571550048
0.17917917917917917,0.6644129100443498
0.18018018018018017,0.6649355629336946
0.18118118118118118,0.665600525576389
0.18218218218218218,0.6668391482580904
0.1831831831831832,0.668126276316969
0.1841841841841842,0.6700069066859123
0.18518518518518517,0.6714503563933697
0.18618618618618618,0.6726746204432863
0.1871871871871872,0.6739192930714311
0.1881881881881882,0.6751857543849622
0.1891891891891892,0.6764694562866046
0.19019019019019018,0.6777842010585341
0.19119119119119118,0.6798082152143566
0.1921921921921922,0.6820679914198541
0.1931931931931932,0.6831669115376684
0.1941941941941942,0.6847640066150306
0.19519519519519518,0.6903980260022287
0.1961961961961962,0.6914177255577049
0.1971971971971972,0.6924374251131811
0.1981981981981982,0.6920689679757511
0.1991991991991992,0.691391775732941
0.20020020020020018,0.69304431618177
0.2012012012012012,0.695212251573603
0.2022022022022022,0.6986677642618156
0.2032032032032032,0.7004762116125572
0.2042042042042042,0.701159114926825
0.20520520520520522,0.7018420182410928
0.2062062062062062,0.7025249215553606
0.2072072072072072,0.7055827577551805
0.2082082082082082,0.7070447621171475
0.2092092092092092,0.7082633651516687
0.21021021021021022,0.7093864497078466
0.2112112112112112,0.7104176775350282
0.2122122122122122,0.7114489053622097
0.2132132132132132,0.7111251649441762
0.21421421421421422,0.7140553275151553
0.21521521521521522,0.7148862712517948
0.21621621621621623,0.7157172149884344
0.2172172172172172,0.716548158725074
0.2182182182182182,0.716314138808594
0.21921921921921922,0.7157643399601882
0.22022022022022023,0.7194454139526755
0.22122122122122123,0.7211829639429581
0.2222222222222222,0.7242301382874761
0.22322322322322322,0.7251069275950905
0.22422422422422422,0.7253705689443295
0.22522522522522523,0.7256342102935683
0.22622622622622623,0.7258978516428073
0.2272272272272272,0.7261614929920462
0.22822822822822822,0.7264251343412851
0.22922922922922923,0.726688775690524
0.23023023023023023,0.7269524170397629
0.23123123123123124,0.7272160583890018
0.23223223223223222,0.7274796997382408
0.23323323323323322,0.7277433410874796
0.23423423423423423,0.7280069824367186
0.23523523523523523,0.7311738688696973
0.23623623623623624,0.7308637957783952
0.23723723723723725,0.7305537226870931
0.23823823823823823,0.730243649595791
0.23923923923923923,0.7335190647699296
0.24024024024024024,0.7340290762948627
0.24124124124124124,0.7345390878197958
0.24224224224224225,0.735049099344729
0.24324324324324323,0.7355591108696622
0.24424424424424424,0.7360691223945953
0.24524524524524524,0.7365791339195285
0.24624624624624625,0.7358660746385588
0.24724724724724725,0.736060009929161
0.24824824824824826,0.7375049085927977
0.24924924924924924,0.7389274843166744
0.2502502502502503,0.7402195682157993
0.25125125125125125,0.741511652114924
0.25225225225225223,0.7425076458388323
0.25325325325325326,0.7432700610718969
0.25425425425425424,0.7440324763049613
0.2552552552552553,0.7447948915380257
0.25625625625625625,0.7455580092011667
0.25725725725725723,0.7463256359613754
0.25825825825825827,0.7470932627215842
0.25925925925925924,0.7478608894817929
0.2602602602602603,0.7486285162420016
0.26126126126126126,0.7495559996311383
0.26226226226226224,0.7505518414741442
0.26326326326326327,0.7515476833171502
0.26426426426426425,0.7529631320360191
0.2652652652652653,0.7556307754456485
0.26626626626626626,0.7579692999953892
0.26726726726726724,0.7587364592742462
0.2682682682682683,0.7579431230207422
0.26926926926926925,0.7575443959186071
0.2702702702702703,0.757145668816472
0.27127127127127126,0.7575515494681027
0.27227227227227224,0.7583754364272522
0.2732732732732733,0.759199323386402
0.27427427427427425,0.7600232103455516
0.2752752752752753,0.7621253605766398
0.27627627627627627,0.766098285531447
0.2772772772772773,0.7713335617144929
0.2782782782782783,0.7710925089366337
0.27927927927927926,0.7708514561587745
0.2802802802802803,0.7706104033809154
0.28128128128128127,0.7703693506030561
0.2822822822822823,0.7721416790288063
0.2832832832832833,0.7778132975281449
0.28428428428428426,0.7782869761519886
0.2852852852852853,0.7787606547758325
0.2862862862862863,0.7792343333996762
0.2872872872872873,0.77970801202352
0.2882882882882883,0.7801816906473638
0.28928928928928926,0.7806553692712075
0.2902902902902903,0.7811290478950513
0.2912912912912913,0.7816064713668247
0.2922922922922923,0.7821161100508588
0.2932932932932933,0.782625748734893
0.29429429429429427,0.7831353874189271
0.2952952952952953,0.7836450261029612
0.2962962962962963,0.7841546647869954
0.2972972972972973,0.7846643034710294
0.2982982982982983,0.7851739421550636
0.29929929929929927,0.7859101259925645
0.3003003003003003,0.7867831461590491
0.3013013013013013,0.7876561663255337
0.3023023023023023,0.7885291864920183
0.3033033033033033,0.7892775863006262
0.30430430430430433,0.789567313192393
0.3053053053053053,0.78985704008416
0.3063063063063063,0.7901467669759269
0.3073073073073073,0.7904364938676939
0.3083083083083083,0.7907262207594609
0.30930930930930933,0.7910159476512277
0.3103103103103103,0.7913056745429947
0.3113113113113113,0.7915954014347617
0.3123123123123123,0.7918851283265286
0.3133133133133133,0.7921748552182956
0.31431431431431434,0.7924645821100625
0.3153153153153153,0.7927543090018294
0.3163163163163163,0.7930440358935964
0.3173173173173173,0.7939500585207653
0.3183183183183183,0.7950150620037202
0.31931931931931934,0.7960800654866752
0.3203203203203203,0.7970255264744085
0.3213213213213213,0.7969869710707921
0.32232232232232233,0.7969484156671757
0.3233233233233233,0.7969098602635593
0.32432432432432434,0.7968713048599428
0.3253253253253253,0.7968327494563264
0.3263263263263263,0.7967941940527101
0.32732732732732733,0.7967556386490937
0.3283283283283283,0.7967170832454773
0.32932932932932935,0.7966785278418609
0.3303303303303303,0.7966399724382445
0.3313313313313313,0.7966014170346281
0.33233233233233234,0.7965628616310116
0.3333333333333333,0.7965243062273952
0.33433433433433435,0.7964857508237789
0.3353353353353353,0.7964471954201625
0.3363363363363363,0.7964086400165461
0.33733733733733734,0.7963700846129297
0.3383383383383383,0.7963315292093133
0.33933933933933935,0.7962929738056969
0.34034034034034033,0.7962544184020804
0.34134134134134136,0.796215862998464
0.34234234234234234,0.7961773075948477
0.3433433433433433,0.7961387521912313
0.34434434434434436,0.7961001967876149
0.34534534534534533,0.7960616413839985
0.34634634634634637,0.7960230859803821
0.34734734734734735,0.7973957134953442
0.3483483483483483,0.7988954348493107
0.34934934934934936,0.7997267447224761
0.35035035035035034,0.7980372345588583
0.35135135135135137,0.802333159326095
0.35235235235235235,0.8032307626168044
0.3533533533533533,0.8041283659075138
0.35435435435435436,0.8050259691982233
0.35535535535535534,0.8059235724889328
0.3563563563563564,0.8053579167128511
0.35735735735735735,0.805369174110842
0.35835835835835833,0.8056837095037388
0.35935935935935936,0.8059982448966356
0.36036036036036034,0.8063127802895325
0.3613613613613614,0.8066273156824293
0.36236236236236236,0.8069418510753262
0.36336336336336333,0.8072563864682231
0.36436436436436437,0.8075709218611199
0.36536536536536535,0.8078854572540167
0.3663663663663664,0.8081999926469136
0.36736736736736736,0.8085145280398105
0.3683683683683684,0.8088290634327073
0.36936936936936937,0.8091435988256042
0.37037037037037035,0.8091533388414471
0.3713713713713714,0.8089346282723614
0.37237237237237236,0.8087159177032757
0.3733733733733734,0.80849720713419
0.3743743743743744,0.80833357197033
0.37537537537537535,0.809148029086724
0.3763763763763764,0.8099624862031182
0.37737737737737737,0.8107769433195122
0.3783783783783784,0.8115914004359064
0.3793793793793794,0.8124058575523004
0.38038038038038036,0.813575267847076
0.3813813813813814,0.8147910692018757
0.38238238238238237,0.8160068705566753
0.3833833833833834,0.8165813575659
0.3843843843843844,0.8161337587755298
0.38538538538538536,0.8156994540829579
0.3863863863863864,0.8153094509662321
0.38738738738738737,0.8149194478495064
0.3883883883883884,0.8147643516518457
0.3893893893893894,0.8146953857998632
0.39039039039039036,0.8146264199478808
0.3913913913913914,0.8145574540958983
0.3923923923923924,0.8144884882439158
0.3933933933933934,0.8144195223919334
0.3943943943943944,0.8143505565399509
0.39539539539539537,0.8142815906879685
0.3963963963963964,0.814212624835986
0.3973973973973974,0.8141436589840035
0.3983983983983984,0.8140746931320211
0.3993993993993994,0.8140057272800386
0.40040040040040037,0.8139367614280562
0.4014014014014014,0.8138677955760737
0.4024024024024024,0.8141000145233436
0.4034034034034034,0.8147020156295331
0.4044044044044044,0.8153040167357227
0.40540540540540543,0.8159060178419123
0.4064064064064064,0.8165080189481019
0.4074074074074074,0.8171100200542915
0.4084084084084084,0.817712021160481
0.4094094094094094,0.8183931744939151
0.41041041041041043,0.819355601137725
0.4114114114114114,0.8203180277815348
0.4124124124124124,0.8212804544253447
0.4134134134134134,0.8222428810691546
0.4144144144144144,0.8232484260763946
0.41541541541541543,0.8242772858074634
0.4164164164164164,0.8253061455385321
0.4174174174174174,0.8263350052696009
0.4184184184184184,0.828924213807268
0.4194194194194194,0.8326171576560829
0.42042042042042044,0.8346024894222154
0.4214214214214214,0.8359966846860253
0.4224224224224224,0.835734801748829
0.42342342342342343,0.8354729188116327
0.4244244244244244,0.8352110358744365
0.42542542542542544,0.8348640457975636
0.4264264264264264,0.8344988251493126
0.4274274274274274,0.8356559414581425
0.42842842842842843,0.8388812485060644
0.4294294294294294,0.8388492565921294
0.43043043043043044,0.8388172646781943
0.4314314314314314,0.8387852727642593
0.43243243243243246,0.8387532808503242
0.43343343343343343,0.8387212889363892
0.4344344344344344,0.8386892970224541
0.43543543543543545,0.8386573051085191
0.4364364364364364,0.838625313194584
0.43743743743743746,0.838593321280649
0.43843843843843844,0.8385613293667139
0.4394394394394394,0.8385293374527789
0.44044044044044045,0.8384973455388438
0.44144144144144143,0.8384653536249088
0.44244244244244246,0.8384333617109737
0.44344344344344344,0.8384013697970386
0.4444444444444444,0.8383693778831036
0.44544544544544545,0.8383373859691685
0.44644644644644643,0.8383053940552335
0.44744744744744747,0.8382734021412984
0.44844844844844844,0.8382414102273634
0.4494494494494494,0.8382094183134283
0.45045045045045046,0.8381774263994933
0.45145145145145144,0.8381454344855582
0.45245245245245247,0.8381134425716232
0.45345345345345345,0.8380814506576881
0.4544544544544544,0.8380494587437531
0.45545545545545546,0.838017466829818
0.45645645645645644,0.8379760711006489
0.4574574574574575,0.8378543252951232
0.45845845845845845,0.8377325794895975
0.45945945945945943,0.8376108336840717
0.46046046046046046,0.837489087878546
0.46146146146146144,0.8373673420730203
0.4624624624624625,0.8372455962674946
0.46346346346346345,0.8371238504619689
0.46446446446446443,0.837956316230055
0.46546546546546547,0.8393522159591068
0.46646646646646645,0.8407481156881587
0.4674674674674675,0.8417822508054797
0.46846846846846846,0.8416756858212532
0.4694694694694695,0.8415691208370266
0.47047047047047047,0.8414625558528
0.47147147147147145,0.8413559908685735
0.4724724724724725,0.8412494258843469
0.47347347347347346,0.8411428609001204
0.4744744744744745,0.8410362959158938
0.4754754754754755,0.8409297309316672
0.47647647647647645,0.8410523913192934
0.4774774774774775,0.8443797117315944
0.47847847847847846,0.8430426194834405
0.4794794794794795,0.8436611114379533
0.4804804804804805,0.844279603392466
0.48148148148148145,0.8448980953469787
0.4824824824824825,0.8455165873014915
0.48348348348348347,0.8461350792560042
0.4844844844844845,0.8467535712105169
0.4854854854854855,0.8473720631650297
0.48648648648648646,0.8480223550995184
0.4874874874874875,0.8491675929750541
0.48848848848848847,0.8503128308505896
0.4894894894894895,0.8514580687261253
0.4904904904904905,0.8526033066016608
0.49149149149149146,0.8528120772653254
0.4924924924924925,0.8526289522240079
0.4934934934934935,0.8524458271826906
0.4944944944944945,0.8522627021413731
0.4954954954954955,0.8520795771000557
0.4964964964964965,0.8512247095576773
0.4974974974974975,0.8509085989298948
0.4984984984984985,0.8506154173194731
0.4994994994994995,0.8503222357090514
0.5005005005005005,0.8500614930338201
0.5015015015015015,0.8498034902705011
0.5025025025025025,0.8495454875071821
0.5035035035035035,0.8493629557175126
0.5045045045045045,0.8492817987880344
0.5055055055055055,0.8492006418585561
0.5065065065065065,0.849119484929078
0.5075075075075075,0.8490383279995998
0.5085085085085085,0.8489571710701215
0.5095095095095095,0.8488760141406433
0.5105105105105106,0.848794857211165
0.5115115115115115,0.8487137002816868
0.5125125125125125,0.8486325433522086
0.5135135135135135,0.8485513864227303
0.5145145145145145,0.8490516524337048
0.5155155155155156,0.8521982489552261
0.5165165165165165,0.8542480678836477
0.5175175175175175,0.8553481137542369
0.5185185185185185,0.8564481596248261
0.5195195195195195,0.8575482054954152
0.5205205205205206,0.8586482513660045
0.5215215215215215,0.8647787386786574
0.5225225225225225,0.8664959167734994
0.5235235235235235,0.8682130948683414
0.5245245245245245,0.8695216401190309
0.5255255255255256,0.869316657800871
0.5265265265265265,0.8691116754827111
0.5275275275275275,0.8689066931645512
0.5285285285285285,0.8692883531955038
0.5295295295295295,0.8715736052191229
0.5305305305305306,0.8738588572427423
0.5315315315315315,0.873948452689844
0.5325325325325325,0.8736342645385405
0.5335335335335335,0.8744373889865142
0.5345345345345345,0.8777183250744099
0.5355355355355356,0.8837398803031394
0.5365365365365365,0.8840878653462015
0.5375375375375375,0.8836281611993692
0.5385385385385385,0.8832460101163091
0.5395395395395395,0.8829981874723791
0.5405405405405406,0.8828189173078547
0.5415415415415415,0.8826396471433302
0.5425425425425425,0.8824603769788059
0.5435435435435435,0.8822957038292613
0.5445445445445445,0.8821528620424277
0.5455455455455456,0.8820100202555942
0.5465465465465466,0.8818671784687605
0.5475475475475475,0.881724336681927
0.5485485485485485,0.8815814948950933
0.5495495495495496,0.8828347581425345
0.5505505505505506,0.8841133724970565
0.5515515515515516,0.8853919868515784
0.5525525525525525,0.8866706012061004
0.5535535535535535,0.8869443143133381
0.5545545545545546,0.8860769944062042
0.5555555555555556,0.888441791404281
0.5565565565565566,0.8916889795973946
0.5575575575575575,0.8918090834451297
0.5585585585585585,0.8917207555078561
0.5595595595595596,0.8916324275705825
0.5605605605605606,0.8915440996333089
0.5615615615615616,0.8914557716960354
0.5625625625625625,0.8913674437587618
0.5635635635635635,0.8912791158214882
0.5645645645645646,0.8911907878842147
0.5655655655655656,0.8910310538151771
0.5665665665665666,0.8908259323924345
0.5675675675675675,0.8906208109696918
0.5685685685685685,0.8904156895469492
0.5695695695695696,0.8900722362490194
0.5705705705705706,0.8897255173382949
0.5715715715715716,0.8905562093994431
0.5725725725725725,0.8916865855482867
0.5735735735735735,0.8928169616971304
0.5745745745745746,0.8939473378459742
0.5755755755755756,0.8950777139948178
0.5765765765765766,0.8955779802243002
0.5775775775775776,0.8956092897757881
0.5785785785785785,0.8969167604222713
0.5795795795795796,0.8982242310687546
0.5805805805805806,0.8995317017152379
0.5815815815815816,0.9008391723617211
0.5825825825825826,0.9012952859220301
0.5835835835835835,0.9010948508455081
0.5845845845845846,0.900894415768986
0.5855855855855856,0.9006984533437228
0.5865865865865866,0.9005568453851308
0.5875875875875876,0.900415237426539
0.5885885885885885,0.900273629467947
0.5895895895895896,0.900132021509355
0.5905905905905906,0.899933285651067
0.5915915915915916,0.8992390534378853
0.5925925925925926,0.8991160887172582
0.5935935935935935,0.8989931239966312
0.5945945945945946,0.8988701592760041
0.5955955955955956,0.898747194555377
0.5965965965965966,0.8986242298347499
0.5975975975975976,0.8991352834381283
0.5985985985985985,0.9005885952457594
0.5995995995995996,0.9020419070533906
0.6006006006006006,0.9034952188610217
0.6016016016016016,0.9049485306686527
0.6026026026026026,0.9050210317012041
0.6036036036036035,0.9049215572783701
0.6046046046046046,0.9048220828555361
0.6056056056056056,0.9047226084327021
0.6066066066066066,0.9046231340098682
0.6076076076076076,0.9045236595870342
0.6086086086086087,0.9044241851642002
0.6096096096096096,0.9037291513512796
0.6106106106106106,0.9035700116699312
0.6116116116116116,0.903431810839605
0.6126126126126126,0.9032936100092788
0.6136136136136137,0.9031554091789525
0.6146146146146146,0.9030172083486262
0.6156156156156156,0.9029285567313274
0.6166166166166166,0.9028549163710187
0.6176176176176176,0.9027812760107099
0.6186186186186187,0.9027076356504011
0.6196196196196196,0.9026339952900924
0.6206206206206206,0.9025603549297836
0.6216216216216216,0.9024867145694748
0.6226226226226226,0.9024130742091662
0.6236236236236237,0.9023394338488574
0.6246246246246246,0.9022657934885486
0.6256256256256256,0.9018984044512696
0.6266266266266266,0.9014540987292521
0.6276276276276276,0.9007428285259551
0.6286286286286287,0.9006062407553924
0.6296296296296297,0.9004696529848297
0.6306306306306306,0.9003330652142671
0.6316316316316316,0.9001964774437045
0.6326326326326326,0.9000598896731418
0.6336336336336337,0.8997839095996092
0.6346346346346347,0.8993990851121466
0.6356356356356356,0.8989566499965826
0.6366366366366366,0.8984665277357761
0.6376376376376376,0.8974762124595989
0.6386386386386387,0.8968837669472158
0.6396396396396397,0.895841376379618
0.6406406406406406,0.8956269654268822
0.6416416416416416,0.8954125544741465
0.6426426426426426,0.8951981435214107
0.6436436436436437,0.8942373709496384
0.6446446446446447,0.8941340584051348
0.6456456456456456,0.8940307458606314
0.6466466466466466,0.8939274333161278
0.6476476476476476,0.8938241207716243
0.6486486486486487,0.8937208082271207
0.6496496496496497,0.8936174956826172
0.6506506506506506,0.8935141831381137
0.6516516516516516,0.8929080545373419
0.6526526526526526,0.8999454039743291
0.6536536536536537,0.9021085352732335
0.6546546546546547,0.9042296341373826
0.6556556556556556,0.9063507330015316
0.6566566566566566,0.9074325056278587
0.6576576576576576,0.9071278809467975
0.6586586586586587,0.9068232562657362
0.6596596596596597,0.9137467127623543
0.6606606606606606,0.9134486232849064
0.6616616616616616,0.9131505338074584
0.6626626626626626,0.9148527202799668
0.6636636636636637,0.9176758627742057
0.6646646646646647,0.9204990052684442
0.6656656656656657,0.9209677468255631
0.6666666666666666,0.9208621552655165
0.6676676676676676,0.9207565637054699
0.6686686686686687,0.9206509721454231
0.6696696696696697,0.9205453805853765
0.6706706706706707,0.9204397890253299
0.6716716716716716,0.9203212303809979
0.6726726726726726,0.9201464335626163
0.6736736736736737,0.9199716367442345
0.6746746746746747,0.9197968399258529
0.6756756756756757,0.9189193687096764
0.6766766766766766,0.9184663261088805
0.6776776776776777,0.9190173523923841
0.6786786786786787,0.921266866986781
0.6796796796796797,0.9235163815811778
0.6806806806806807,0.9257658961755745
0.6816816816816816,0.9260825774359954
0.6826826826826827,0.9255490687889503
0.6836836836836837,0.9244965736914234
0.6846846846846847,0.9243707498046578
0.6856856856856857,0.9242449259178923
0.6866866866866866,0.9241191020311268
0.6876876876876877,0.9239932781443612
0.6886886886886887,0.9238674542575956
0.6896896896896897,0.9227493366326487
0.6906906906906907,0.9207588106353211
0.6916916916916916,0.9205336055944939
0.6926926926926927,0.9203084005536666
0.6936936936936937,0.9200831955128393
0.6946946946946947,0.9183643158907957
0.6956956956956957,0.9180594079482157
0.6966966966966966,0.9177545000056356
0.6976976976976977,0.917402990021472
0.6986986986986987,0.9169115617149489
0.6996996996996997,0.9165601329819427
0.7007007007007007,0.9163477735272992
0.7017017017017017,0.9161354140726556
0.7027027027027027,0.915923054618012
0.7037037037037037,0.9145382533801769
0.7047047047047047,0.9139273099657023
0.7057057057057057,0.9138422103068224
0.7067067067067067,0.9137571106479426
0.7077077077077077,0.9136720109890629
0.7087087087087087,0.9135869113301831
0.7097097097097097,0.9135018116713033
0.7107107107107107,0.9134167120124235
0.7117117117117117,0.9133316123535438
0.7127127127127127,0.913246512694664
0.7137137137137137,0.9131614130357841
0.7147147147147147,0.9130763133769043
0.7157157157157157,0.9128559440646571
0.7167167167167167,0.9125505918075193
0.7177177177177178,0.9122452395503815
0.7187187187187187,0.9120025162179684
0.7197197197197197,0.9118263577460315
0.7207207207207207,0.9116501992740945
0.7217217217217217,0.9114740408021577
0.7227227227227228,0.9112978823302207
0.7237237237237237,0.9111217238582837
0.7247247247247247,0.9091406333142665
0.7257257257257257,0.9089354753742679
0.7267267267267267,0.9087738860574957
0.7277277277277278,0.9086122967407233
0.7287287287287287,0.908450707423951
0.7297297297297297,0.9082891181071787
0.7307307307307307,0.9081275287904064
0.7317317317317317,0.9068284434133634
0.7327327327327328,0.9061448453503859
0.7337337337337337,0.9082486250453966
0.7347347347347347,0.9120898915124895
0.7357357357357357,0.9159311579795825
0.7367367367367368,0.9274967883567957
0.7377377377377378,0.9263738671858257
0.7387387387387387,0.9249540681123696
0.7397397397397397,0.9246512556761991
0.7407407407407407,0.9243484432400285
0.7417417417417418,0.9246620765372623
0.7427427427427428,0.9353998994623728
0.7437437437437437,0.9396959083328443
0.7447447447447447,0.9466374627696121
0.7457457457457457,0.9462609020566044
0.7467467467467468,0.9456327674356756
0.7477477477477478,0.9570693104519726
0.7487487487487487,0.9587030411759749
0.7497497497497497,0.9704610709838078
0.7507507507507507,0.9700326889610411
0.7517517517517518,0.9755094174617164
0.7527527527527528,0.9838448849335902
0.7537537537537538,0.9833215681745979
0.7547547547547547,0.9831650704961558
0.7557557557557557,0.9829388887081327
0.7567567567567568,0.982698536382354
0.7577577577577578,0.9825922031431338
0.7587587587587588,0.9824858699039135
0.7597597597597597,0.9822917740252952
0.7607607607607607,0.9812525950892843
0.7617617617617618,0.9809117234073838
0.7627627627627628,0.9805943798063339
0.7637637637637638,0.9802372231080504
0.7647647647647647,0.9795089859619057
0.7657657657657657,0.9790359711535058
0.7667667667667668,0.9788545391921791
0.7677677677677678,0.9786391549426486
0.7687687687687688,0.978335249926391
0.7697697697697697,0.977194001856878
0.7707707707707707,0.9768214383041489
0.7717717717717718,0.9763156743727099
0.7727727727727728,1.0
0.7737737737737738,1.0
0.7747747747747747,1.0
0.7757757757757757,1.0
0.7767767767767768,1.0
0.7777777777777778,1.0
0.7787787787787788,1.0
0.7797797797797797,1.0
0.7807807807807807,1.0
0.7817817817817818,1.0
0.7827827827827828,1.0
0.7837837837837838,1.0
0.7847847847847848,1.0
0.7857857857857857,1.0
0.7867867867867868,1.0
0.7877877877877878,1.0
0.7887887887887888,1.0
0.7897897897897898,1.0
0.7907907907907907,1.0
0.7917917917917918,1.0
0.7927927927927928,1.0
0.7937937937937938,1.0
0.7947947947947948,1.0
0.7957957957957957,1.0
0.7967967967967968,1.0
0.7977977977977978,1.0
0.7987987987987988,1.0
0.7997997997997998,1.0
0.8008008008008007,1.0
0.8018018018018018,1.0
0.8028028028028028,1.0
0.8038038038038038,1.0
0.8048048048048048,1.0
0.8058058058058059,1.0
0.8068068068068068,1.0
0.8078078078078078,1.0
0.8088088088088088,1.0
0.8098098098098098,1.0
0.8108108108108109,1.0
0.8118118118118118,1.0
0.8128128128128128,1.0
0.8138138138138138,1.0
0.8148148148148148,1.0
0.8158158158158159,1.0
0.8168168168168168,1.0
0.8178178178178178,1.0
0.8188188188188188,1.0
0.8198198198198198,1.0
0.8208208208208209,1.0
0.8218218218218218,1.0
0.8228228228228228,1.0
0.8238238238238238,1.0
0.8248248248248248,1.0
0.8258258258258259,1.0
0.8268268268268268,1.0
0.8278278278278278,1.0
0.8288288288288288,1.0
0.8298298298298298,1.0
0.8308308308308309,1.0
0.8318318318318318,1.0
0.8328328328328328,1.0
0.8338338338338338,1.0
0.8348348348348348,1.0
0.8358358358358359,1.0
0.8368368368368369,1.0
0.8378378378378378,1.0
0.8388388388388388,1.0
0.8398398398398398,1.0
0.8408408408408409,1.0
0.8418418418418419,1.0
0.8428428428428428,1.0
0.8438438438438438,1.0
0.8448448448448448,1.0
0.8458458458458459,1.0
0.8468468468468469,1.0
0.8478478478478478,1.0
0.8488488488488488,1.0
0.8498498498498498,1.0
0.8508508508508509,1.0
0.8518518518518519,1.0
0.8528528528528528,1.0
0.8538538538538538,1.0
0.8548548548548548,1.0
0.8558558558558559,1.0
0.8568568568568569,1.0
0.8578578578578578,1.0
0.8588588588588588,1.0
0.8598598598598598,1.0
0.8608608608608609,1.0
0.8618618618618619,1.0
0.8628628628628628,1.0
0.8638638638638638,1.0
0.8648648648648649,1.0
0.8658658658658659,1.0
0.8668668668668669,1.0
0.8678678678678678,1.0
0.8688688688688688,1.0
0.8698698698698699,1.0
0.8708708708708709,1.0
0.8718718718718719,1.0
0.8728728728728729,1.0
0.8738738738738738,1.0
0.8748748748748749,1.0
0.8758758758758759,1.0
0.8768768768768769,1.0
0.8778778778778779,1.0
0.8788788788788788,1.0
0.8798798798798799,1.0
0.8808808808808809,1.0
0.8818818818818819,1.0
0.8828828828828829,1.0
0.8838838838838838,1.0
0.8848848848848849,1.0
0.8858858858858859,1.0
0.8868868868868869,1.0
0.8878878878878879,1.0
0.8888888888888888,1.0
0.8898898898898899,1.0
0.8908908908908909,1.0
0.8918918918918919,1.0
0.8928928928928929,1.0
0.8938938938938938,1.0
0.8948948948948949,1.0
0.8958958958958959,1.0
0.8968968968968969,1.0
0.8978978978978979,1.0
0.8988988988988988,1.0
0.8998998998998999,1.0
0.9009009009009009,1.0
0.9019019019019019,1.0
0.9029029029029029,1.0
0.9039039039039038,1.0
0.9049049049049049,1.0
0.9059059059059059,1.0
0.9069069069069069,1.0
0.9079079079079079,1.0
0.9089089089089089,1.0
0.9099099099099099,1.0
0.9109109109109109,1.0
0.9119119119119119,1.0
0.9129129129129129,1.0
0.9139139139139139,1.0
0.914914914914915,1.0
0.9159159159159159,1.0
0.9169169169169169,1.0
0.9179179179179179,1.0
0.9189189189189189,1.0
0.91991991991992,1.0
0.9209209209209209,1.0
0.9219219219219219,1.0
0.9229229229229229,1.0
0.9239239239239239,1.0
0.924924924924925,1.0
0.9259259259259259,1.0
0.9269269269269269,1.0
0.9279279279279279,1.0
0.9289289289289289,1.0
0.92992992992993,1.0
0.9309309309309309,1.0
0.9319319319319319,1.0
0.9329329329329329,1.0
0.933933933933934,1.0
0.934934934934935,1.0
0.9359359359359359,1.0
0.9369369369369369,1.0
0.9379379379379379,1.0
0.938938938938939,1.0
0.93993993993994,1.0
0.9409409409409409,1.0
0.9419419419419419,1.0
0.9429429429429429,1.0
0.943943943943944,1.0
0.944944944944945,1.0
0.9459459459459459,1.0
0.9469469469469469,1.0
0.9479479479479479,1.0
0.948948948948949,1.0
0.94994994994995,1.0
0.950950950950951,1.0
0.9519519519519519,1.0
0.9529529529529529,1.0
0.953953953953954,1.0
0.954954954954955,1.0
0.955955955955956,1.0
0.9569569569569569,1.0
0.9579579579579579,1.0
0.958958958958959,1.0
0.95995995995996,1.0
0.960960960960961,1.0
0.9619619619619619,1.0
0.9629629629629629,1.0
0.963963963963964,1.0
0.964964964964965,1.0
0.965965965965966,1.0
0.9669669669669669,1.0
0.9679679679679679,1.0
0.968968968968969,1.0
0.96996996996997,1.0
0.970970970970971,1.0
0.9719719719719719,1.0
0.9729729729729729,1.0
0.973973973973974,1.0
0.974974974974975,1.0
0.975975975975976,1.0
0.9769769769769769,1.0
0.9779779779779779,1.0
0.978978978978979,1.0
0.97997997997998,1.0
0.980980980980981,1.0
0.9819819819819819,1.0
0.9829829829829829,1.0
0.983983983983984,1.0
0.984984984984985,1.0
0.985985985985986,1.0
0.986986986986987,1.0
0.9879879879879879,1.0
0.988988988988989,1.0
0.98998998998999,1.0
0.990990990990991,1.0
0.991991991991992,1.0
0.992992992992993,1.0
0.993993993993994,1.0
0.994994994994995,1.0
0.995995995995996,1.0
0.996996996996997,1.0
0.997997997997998,1.0
0.998998998998999,1.0
1.0,1.0
